test,cost
25_04,74589.24500000001
31_02,39377.07299999999
25_06,38495.402
25_03,13848.115
25_01,84122.36499999999
handball3,13687.007
handball17,24587.093
handball5,144000.805
handball20,109919.33499999999
handball7,144000.677
sb_15_15_7_3,60712.797
sb_13_13_5_5,108150.904
sb_15_15_6_0,36901.20000000001
sb_15_15_7_5,73240.771
sb_13_13_5_1,37979.742
mesh2x2_1,37816.50499999999
mesh4x4_1,38231.170999999995
ring_1,39039.36299999999
mesh3x3_mp3,52052.407999999996
mesh2x2_mp3,99155.557
n35f5d20m10k3,121425.65000000001
n60f7d50m30k10,240000.0
n55f2d50m30k3,240000.0
n180f7d50m30k18,240000.0
n25f5d20m10k3,240000.0
j30_15_5,26030.510000000002
j30_1_10,182318.14200000002
j30_37_4,48496.08900000001
j30_53_3,75683.158
j30_17_10,124066.88
rat99_6,204000.911
st70_5,132011.02500000002
rat99_5,12137.689
ulysses22_5,12102.362
att48_6,216120.758
j30_27_5-wet,144523.40300000002
j30_44_8-wet,156117.34
j90_19_7-wet,144594.311
j60_36_8-wet,144949.086
j90_10_10-wet,144301.586
12__6__8__3,62496.07500000001
12__8__6__3,27504.147000000004
14__8__6__3,37890.012
14__10__8__3,37104.521
14__6__8__3,216403.63
18_3_5,12794.955
24_4_10,145613.48200000002
12_2_10,168582.08700000003
18_3_10,228046.2
12_2_5,204065.978
30-5-6-8,87340.32600000002
30-5-6-2,134084.16100000002
32-4-8-2,240000.0
32-4-8-5,240000.0
28-4-7-1,124119.252
tpp_5_3_30_1,48059.873999999996
tpp_7_3_20_1,60106.318
tpp_6_3_20_1,120484.792
tpp_7_3_30_1,145022.428
tpp_4_5_20_1,97635.372
fir_1_3,229027.817
ar_1_3,37626.046
ewf_1_2,240000.0
fir_1_4,240000.0
dct_1_3,192786.587
CELAR7-SUB4,96205.248
scen07,120534.57599999999
graph05,144183.732
CELAR6-SUB0,144838.734
CELAR6-SUB4,240000.0
c_v15_a105_d7,240000.0
s_v40_a100_d5,25362.856
c_v20_a190_d5,240000.0
s_v20_a50_d5,240000.0
s_v20_a50_d4,121770.71
mzn_rnd_test.20,12882.067
mzn_rnd_test.13,60574.918
mzn_rnd_test.06,24809.741999999995
mzn_rnd_test.02,41569.67
mzn_rnd_test.11,216267.80899999998
kb128_n5_obj11,228132.972
kb128_n5_obj14,192121.656
kb128_n5_obj17,132350.194
kb192_n7_obj10,170627.22
kb128_n5_obj16,85371.604
oocsp_racks_030_e6_cc,147483.015
oocsp_racks_030_f7_cc,205694.977
oocsp_racks_030_ea4_cc,240000.0
oocsp_racks_030_mii8,25622.388
oocsp_racks_100_r1,240000.0
UD5-gbac,240000.0
UD3-gbac,240000.0
reduced_UD10-gbac,240000.0
reduced_UD3-gbac,38498.062000000005
reduced_UD6-gbac,25627.718000000004
plusexample_6,25551.13
routing_7,12380.188
pizza_8_3,13836.314999999999
projplan1_15_15,73807.86600000001
binpack_11,63863.148
================================================================================
variant,test,performance
Choco-free,25_04,126.418
Chuffed-free,25_04,67.984
Concrete-free,25_04,12000.0
G12FD-free,25_04,12000.0
Gecode-free,25_04,620.6510000000001
HaifaCSP-free,25_04,0.057
JaCoP-fd,25_04,0.255
LCG-Glucose-UC-free,25_04,0.043000000000000003
LCG-Glucose-free,25_04,0.036000000000000004
MZN/CPLEX-free,25_04,0.047
MZN/Cbc-free,25_04,0.048
MZN/Gurobi-free,25_04,0.036000000000000004
MZN/SCIP-free,25_04,0.051000000000000004
MinisatID-free,25_04,12000.0
Mistral-free,25_04,829.891
OR-Tools-free,25_04,12000.0
Picat-CP-fd,25_04,12000.0
Picat-SAT-free,25_04,74.125
SICStus-Prolog-fd,25_04,12000.0
iZplus-free,25_04,869.6030000000001
Choco-free,31_02,68.033
Chuffed-free,31_02,249.342
Concrete-free,31_02,12000.0
G12FD-free,31_02,929.1370000000001
Gecode-free,31_02,121.794
HaifaCSP-free,31_02,0.047
JaCoP-fd,31_02,0.633
LCG-Glucose-UC-free,31_02,0.046
LCG-Glucose-free,31_02,0.043000000000000003
MZN/CPLEX-free,31_02,0.052000000000000005
MZN/Cbc-free,31_02,0.041
MZN/Gurobi-free,31_02,0.039
MZN/SCIP-free,31_02,0.048
MinisatID-free,31_02,12000.0
Mistral-free,31_02,706.316
OR-Tools-free,31_02,12000.0
Picat-CP-fd,31_02,391.805
Picat-SAT-free,31_02,1.842
SICStus-Prolog-fd,31_02,681.842
iZplus-free,31_02,226.013
Choco-free,25_06,1000.328
Chuffed-free,25_06,0.20500000000000002
Concrete-free,25_06,6.162
G12FD-free,25_06,69.287
Gecode-free,25_06,937.727
HaifaCSP-free,25_06,1.561
JaCoP-fd,25_06,12000.0
LCG-Glucose-UC-free,25_06,0.227
LCG-Glucose-free,25_06,0.603
MZN/CPLEX-free,25_06,1.327
MZN/Cbc-free,25_06,12.402000000000001
MZN/Gurobi-free,25_06,1.129
MZN/SCIP-free,25_06,15.627
MinisatID-free,25_06,2.719
Mistral-free,25_06,3.2760000000000002
OR-Tools-free,25_06,423.974
Picat-CP-fd,25_06,12000.0
Picat-SAT-free,25_06,18.154
SICStus-Prolog-fd,25_06,12000.0
iZplus-free,25_06,0.6940000000000001
Choco-free,25_03,314.622
Chuffed-free,25_03,0.2
Concrete-free,25_03,6.148
G12FD-free,25_03,38.114000000000004
Gecode-free,25_03,277.711
HaifaCSP-free,25_03,2.013
JaCoP-fd,25_03,497.26
LCG-Glucose-UC-free,25_03,0.26
LCG-Glucose-free,25_03,0.609
MZN/CPLEX-free,25_03,1.309
MZN/Cbc-free,25_03,44.038000000000004
MZN/Gurobi-free,25_03,1.162
MZN/SCIP-free,25_03,16.515
MinisatID-free,25_03,2.1270000000000002
Mistral-free,25_03,1.026
OR-Tools-free,25_03,130.87800000000001
Picat-CP-fd,25_03,12000.0
Picat-SAT-free,25_03,18.878
SICStus-Prolog-fd,25_03,494.596
iZplus-free,25_03,0.649
Choco-free,25_01,12000.0
Chuffed-free,25_01,0.271
Concrete-free,25_01,7.846
G12FD-free,25_01,12000.0
Gecode-free,25_01,12000.0
HaifaCSP-free,25_01,6.361
JaCoP-fd,25_01,12000.0
LCG-Glucose-UC-free,25_01,0.34700000000000003
LCG-Glucose-free,25_01,0.711
MZN/CPLEX-free,25_01,1.812
MZN/Cbc-free,25_01,30.080000000000002
MZN/Gurobi-free,25_01,1.547
MZN/SCIP-free,25_01,9.453
MinisatID-free,25_01,3.985
Mistral-free,25_01,37.162
OR-Tools-free,25_01,12000.0
Picat-CP-fd,25_01,12000.0
Picat-SAT-free,25_01,21.582
SICStus-Prolog-fd,25_01,12000.0
iZplus-free,25_01,1.208
Choco-free,handball3,261.22700000000003
Chuffed-free,handball3,0.259
Concrete-free,handball3,6.093
G12FD-free,handball3,83.321
Gecode-free,handball3,235.485
HaifaCSP-free,handball3,2.755
JaCoP-fd,handball3,499.64300000000003
LCG-Glucose-UC-free,handball3,0.265
LCG-Glucose-free,handball3,0.58
MZN/CPLEX-free,handball3,1.9160000000000001
MZN/Cbc-free,handball3,15.88
MZN/Gurobi-free,handball3,1.62
MZN/SCIP-free,handball3,24.295
MinisatID-free,handball3,3.089
Mistral-free,handball3,4.565
OR-Tools-free,handball3,115.033
Picat-CP-fd,handball3,12000.0
Picat-SAT-free,handball3,10.637
SICStus-Prolog-fd,handball3,419.38
iZplus-free,handball3,0.964
Choco-free,handball17,93.82000000000001
Chuffed-free,handball17,0.256
Concrete-free,handball17,5.53
G12FD-free,handball17,46.763
Gecode-free,handball17,74.057
HaifaCSP-free,handball17,2.475
JaCoP-fd,handball17,149.974
LCG-Glucose-UC-free,handball17,0.265
LCG-Glucose-free,handball17,0.642
MZN/CPLEX-free,handball17,1.824
MZN/Cbc-free,handball17,12000.0
MZN/Gurobi-free,handball17,1.558
MZN/SCIP-free,handball17,13.548
MinisatID-free,handball17,3.106
Mistral-free,handball17,3.241
OR-Tools-free,handball17,39.57
Picat-CP-fd,handball17,12000.0
Picat-SAT-free,handball17,19.965
SICStus-Prolog-fd,handball17,129.9
iZplus-free,handball17,0.599
Choco-free,handball5,12000.0
Chuffed-free,handball5,12000.0
Concrete-free,handball5,12000.0
G12FD-free,handball5,12000.0
Gecode-free,handball5,12000.0
HaifaCSP-free,handball5,0.036000000000000004
JaCoP-fd,handball5,0.505
LCG-Glucose-UC-free,handball5,0.05
LCG-Glucose-free,handball5,0.045
MZN/CPLEX-free,handball5,0.044
MZN/Cbc-free,handball5,0.034
MZN/Gurobi-free,handball5,0.04
MZN/SCIP-free,handball5,0.051000000000000004
MinisatID-free,handball5,12000.0
Mistral-free,handball5,12000.0
OR-Tools-free,handball5,12000.0
Picat-CP-fd,handball5,12000.0
Picat-SAT-free,handball5,12000.0
SICStus-Prolog-fd,handball5,12000.0
iZplus-free,handball5,12000.0
Choco-free,handball20,12000.0
Chuffed-free,handball20,825.1610000000001
Concrete-free,handball20,12000.0
G12FD-free,handball20,12000.0
Gecode-free,handball20,12000.0
HaifaCSP-free,handball20,0.052000000000000005
JaCoP-fd,handball20,0.397
LCG-Glucose-UC-free,handball20,0.054
LCG-Glucose-free,handball20,0.045
MZN/CPLEX-free,handball20,0.044
MZN/Cbc-free,handball20,0.042
MZN/Gurobi-free,handball20,0.047
MZN/SCIP-free,handball20,0.053
MinisatID-free,handball20,12000.0
Mistral-free,handball20,12000.0
OR-Tools-free,handball20,12000.0
Picat-CP-fd,handball20,12000.0
Picat-SAT-free,handball20,4.766
SICStus-Prolog-fd,handball20,12000.0
iZplus-free,handball20,1088.674
Choco-free,handball7,12000.0
Chuffed-free,handball7,12000.0
Concrete-free,handball7,12000.0
G12FD-free,handball7,12000.0
Gecode-free,handball7,12000.0
HaifaCSP-free,handball7,0.051000000000000004
JaCoP-fd,handball7,0.34600000000000003
LCG-Glucose-UC-free,handball7,0.05
LCG-Glucose-free,handball7,0.053
MZN/CPLEX-free,handball7,0.046
MZN/Cbc-free,handball7,0.041
MZN/Gurobi-free,handball7,0.046
MZN/SCIP-free,handball7,0.044
MinisatID-free,handball7,12000.0
Mistral-free,handball7,12000.0
OR-Tools-free,handball7,12000.0
Picat-CP-fd,handball7,12000.0
Picat-SAT-free,handball7,12000.0
SICStus-Prolog-fd,handball7,12000.0
iZplus-free,handball7,12000.0
Choco-free,sb_15_15_7_3,12000.0
Chuffed-free,sb_15_15_7_3,0.093
Concrete-free,sb_15_15_7_3,34.026
G12FD-free,sb_15_15_7_3,4.492
Gecode-free,sb_15_15_7_3,653.831
HaifaCSP-free,sb_15_15_7_3,3.1550000000000002
JaCoP-fd,sb_15_15_7_3,12000.0
LCG-Glucose-UC-free,sb_15_15_7_3,0.06
LCG-Glucose-free,sb_15_15_7_3,0.176
MZN/CPLEX-free,sb_15_15_7_3,0.28700000000000003
MZN/Cbc-free,sb_15_15_7_3,0.988
MZN/Gurobi-free,sb_15_15_7_3,0.14400000000000002
MZN/SCIP-free,sb_15_15_7_3,1.441
MinisatID-free,sb_15_15_7_3,4.743
Mistral-free,sb_15_15_7_3,6.075
OR-Tools-free,sb_15_15_7_3,12000.0
Picat-CP-fd,sb_15_15_7_3,12000.0
Picat-SAT-free,sb_15_15_7_3,2.815
SICStus-Prolog-fd,sb_15_15_7_3,12000.0
iZplus-free,sb_15_15_7_3,0.47100000000000003
Choco-free,sb_13_13_5_5,12000.0
Chuffed-free,sb_13_13_5_5,0.319
Concrete-free,sb_13_13_5_5,12000.0
G12FD-free,sb_13_13_5_5,115.427
Gecode-free,sb_13_13_5_5,12000.0
HaifaCSP-free,sb_13_13_5_5,13.861
JaCoP-fd,sb_13_13_5_5,12000.0
LCG-Glucose-UC-free,sb_13_13_5_5,0.065
LCG-Glucose-free,sb_13_13_5_5,2.0020000000000002
MZN/CPLEX-free,sb_13_13_5_5,0.505
MZN/Cbc-free,sb_13_13_5_5,2.104
MZN/Gurobi-free,sb_13_13_5_5,0.433
MZN/SCIP-free,sb_13_13_5_5,2.203
MinisatID-free,sb_13_13_5_5,12000.0
Mistral-free,sb_13_13_5_5,12000.0
OR-Tools-free,sb_13_13_5_5,12000.0
Picat-CP-fd,sb_13_13_5_5,12000.0
Picat-SAT-free,sb_13_13_5_5,10.318
SICStus-Prolog-fd,sb_13_13_5_5,12000.0
iZplus-free,sb_13_13_5_5,3.6670000000000003
Choco-free,sb_15_15_6_0,12000.0
Chuffed-free,sb_15_15_6_0,0.084
Concrete-free,sb_15_15_6_0,17.887
G12FD-free,sb_15_15_6_0,5.182
Gecode-free,sb_15_15_6_0,242.45000000000002
HaifaCSP-free,sb_15_15_6_0,4.8340000000000005
JaCoP-fd,sb_15_15_6_0,12000.0
LCG-Glucose-UC-free,sb_15_15_6_0,0.055
LCG-Glucose-free,sb_15_15_6_0,0.113
MZN/CPLEX-free,sb_15_15_6_0,0.137
MZN/Cbc-free,sb_15_15_6_0,0.863
MZN/Gurobi-free,sb_15_15_6_0,0.153
MZN/SCIP-free,sb_15_15_6_0,2.8890000000000002
MinisatID-free,sb_15_15_6_0,9.832
Mistral-free,sb_15_15_6_0,7.45
OR-Tools-free,sb_15_15_6_0,441.721
Picat-CP-fd,sb_15_15_6_0,164.806
Picat-SAT-free,sb_15_15_6_0,2.141
SICStus-Prolog-fd,sb_15_15_6_0,12000.0
iZplus-free,sb_15_15_6_0,0.603
Choco-free,sb_15_15_7_5,12000.0
Chuffed-free,sb_15_15_7_5,0.39
Concrete-free,sb_15_15_7_5,381.97
G12FD-free,sb_15_15_7_5,150.514
Gecode-free,sb_15_15_7_5,12000.0
HaifaCSP-free,sb_15_15_7_5,10.726
JaCoP-fd,sb_15_15_7_5,12000.0
LCG-Glucose-UC-free,sb_15_15_7_5,0.081
LCG-Glucose-free,sb_15_15_7_5,0.271
MZN/CPLEX-free,sb_15_15_7_5,0.559
MZN/Cbc-free,sb_15_15_7_5,17.125
MZN/Gurobi-free,sb_15_15_7_5,0.46900000000000003
MZN/SCIP-free,sb_15_15_7_5,13.58
MinisatID-free,sb_15_15_7_5,380.342
Mistral-free,sb_15_15_7_5,274.64
OR-Tools-free,sb_15_15_7_5,12000.0
Picat-CP-fd,sb_15_15_7_5,12000.0
Picat-SAT-free,sb_15_15_7_5,8.203
SICStus-Prolog-fd,sb_15_15_7_5,12000.0
iZplus-free,sb_15_15_7_5,1.901
Choco-free,sb_13_13_5_1,240.53
Chuffed-free,sb_13_13_5_1,15.913
Concrete-free,sb_13_13_5_1,12000.0
G12FD-free,sb_13_13_5_1,12000.0
Gecode-free,sb_13_13_5_1,31.810000000000002
HaifaCSP-free,sb_13_13_5_1,77.19200000000001
JaCoP-fd,sb_13_13_5_1,63.121
LCG-Glucose-UC-free,sb_13_13_5_1,33.18
LCG-Glucose-free,sb_13_13_5_1,3.956
MZN/CPLEX-free,sb_13_13_5_1,4.049
MZN/Cbc-free,sb_13_13_5_1,183.74
MZN/Gurobi-free,sb_13_13_5_1,4.506
MZN/SCIP-free,sb_13_13_5_1,38.446
MinisatID-free,sb_13_13_5_1,95.0
Mistral-free,sb_13_13_5_1,12000.0
OR-Tools-free,sb_13_13_5_1,594.359
Picat-CP-fd,sb_13_13_5_1,180.715
Picat-SAT-free,sb_13_13_5_1,6.461
SICStus-Prolog-fd,sb_13_13_5_1,98.373
iZplus-free,sb_13_13_5_1,308.391
Choco-free,mesh2x2_1,306.70300000000003
Chuffed-free,mesh2x2_1,15.83
Concrete-free,mesh2x2_1,12000.0
G12FD-free,mesh2x2_1,12000.0
Gecode-free,mesh2x2_1,44.948
HaifaCSP-free,mesh2x2_1,141.287
JaCoP-fd,mesh2x2_1,89.121
LCG-Glucose-UC-free,mesh2x2_1,9.332
LCG-Glucose-free,mesh2x2_1,7.0680000000000005
MZN/CPLEX-free,mesh2x2_1,2.073
MZN/Cbc-free,mesh2x2_1,243.804
MZN/Gurobi-free,mesh2x2_1,2.992
MZN/SCIP-free,mesh2x2_1,17.234
MinisatID-free,mesh2x2_1,184.76500000000001
Mistral-free,mesh2x2_1,12000.0
OR-Tools-free,mesh2x2_1,256.003
Picat-CP-fd,mesh2x2_1,166.81
Picat-SAT-free,mesh2x2_1,7.48
SICStus-Prolog-fd,mesh2x2_1,130.964
iZplus-free,mesh2x2_1,190.091
Choco-free,mesh4x4_1,364.18
Chuffed-free,mesh4x4_1,19.506
Concrete-free,mesh4x4_1,12000.0
G12FD-free,mesh4x4_1,12000.0
Gecode-free,mesh4x4_1,65.923
HaifaCSP-free,mesh4x4_1,143.071
JaCoP-fd,mesh4x4_1,119.449
LCG-Glucose-UC-free,mesh4x4_1,26.365000000000002
LCG-Glucose-free,mesh4x4_1,9.685
MZN/CPLEX-free,mesh4x4_1,1.115
MZN/Cbc-free,mesh4x4_1,243.546
MZN/Gurobi-free,mesh4x4_1,1.707
MZN/SCIP-free,mesh4x4_1,9.929
MinisatID-free,mesh4x4_1,256.319
Mistral-free,mesh4x4_1,12000.0
OR-Tools-free,mesh4x4_1,295.924
Picat-CP-fd,mesh4x4_1,219.21800000000002
Picat-SAT-free,mesh4x4_1,7.051
SICStus-Prolog-fd,mesh4x4_1,180.681
iZplus-free,mesh4x4_1,267.502
Choco-free,ring_1,12000.0
Chuffed-free,ring_1,0.28800000000000003
Concrete-free,ring_1,200.979
G12FD-free,ring_1,13.769
Gecode-free,ring_1,461.536
HaifaCSP-free,ring_1,19.908
JaCoP-fd,ring_1,12000.0
LCG-Glucose-UC-free,ring_1,0.068
LCG-Glucose-free,ring_1,0.316
MZN/CPLEX-free,ring_1,0.9480000000000001
MZN/Cbc-free,ring_1,12.76
MZN/Gurobi-free,ring_1,0.529
MZN/SCIP-free,ring_1,1.351
MinisatID-free,ring_1,754.929
Mistral-free,ring_1,110.25
OR-Tools-free,ring_1,930.361
Picat-CP-fd,ring_1,520.155
Picat-SAT-free,ring_1,10.8
SICStus-Prolog-fd,ring_1,12000.0
iZplus-free,ring_1,0.41600000000000004
Choco-free,mesh3x3_mp3,12000.0
Chuffed-free,mesh3x3_mp3,20.867
Concrete-free,mesh3x3_mp3,12000.0
G12FD-free,mesh3x3_mp3,12000.0
Gecode-free,mesh3x3_mp3,174.707
HaifaCSP-free,mesh3x3_mp3,247.53900000000002
JaCoP-fd,mesh3x3_mp3,337.128
LCG-Glucose-UC-free,mesh3x3_mp3,34.967
LCG-Glucose-free,mesh3x3_mp3,6.989
MZN/CPLEX-free,mesh3x3_mp3,1.828
MZN/Cbc-free,mesh3x3_mp3,265.298
MZN/Gurobi-free,mesh3x3_mp3,3.061
MZN/SCIP-free,mesh3x3_mp3,16.752
MinisatID-free,mesh3x3_mp3,286.733
Mistral-free,mesh3x3_mp3,12000.0
OR-Tools-free,mesh3x3_mp3,508.331
Picat-CP-fd,mesh3x3_mp3,719.3240000000001
Picat-SAT-free,mesh3x3_mp3,8.662
SICStus-Prolog-fd,mesh3x3_mp3,540.078
iZplus-free,mesh3x3_mp3,880.144
Choco-free,mesh2x2_mp3,12000.0
Chuffed-free,mesh2x2_mp3,46.146
Concrete-free,mesh2x2_mp3,12000.0
G12FD-free,mesh2x2_mp3,12000.0
Gecode-free,mesh2x2_mp3,269.657
HaifaCSP-free,mesh2x2_mp3,466.47700000000003
JaCoP-fd,mesh2x2_mp3,522.201
LCG-Glucose-UC-free,mesh2x2_mp3,237.19400000000002
LCG-Glucose-free,mesh2x2_mp3,12.046
MZN/CPLEX-free,mesh2x2_mp3,13.569
MZN/Cbc-free,mesh2x2_mp3,12000.0
MZN/Gurobi-free,mesh2x2_mp3,14.955
MZN/SCIP-free,mesh2x2_mp3,175.1
MinisatID-free,mesh2x2_mp3,507.125
Mistral-free,mesh2x2_mp3,12000.0
OR-Tools-free,mesh2x2_mp3,12000.0
Picat-CP-fd,mesh2x2_mp3,12000.0
Picat-SAT-free,mesh2x2_mp3,19.688
SICStus-Prolog-fd,mesh2x2_mp3,871.399
iZplus-free,mesh2x2_mp3,12000.0
Choco-free,n35f5d20m10k3,12000.0
Chuffed-free,n35f5d20m10k3,25.563
Concrete-free,n35f5d20m10k3,12000.0
G12FD-free,n35f5d20m10k3,12000.0
Gecode-free,n35f5d20m10k3,12000.0
HaifaCSP-free,n35f5d20m10k3,8.943
JaCoP-fd,n35f5d20m10k3,12000.0
LCG-Glucose-UC-free,n35f5d20m10k3,36.764
LCG-Glucose-free,n35f5d20m10k3,165.495
MZN/CPLEX-free,n35f5d20m10k3,282.818
MZN/Cbc-free,n35f5d20m10k3,12000.0
MZN/Gurobi-free,n35f5d20m10k3,177.29500000000002
MZN/SCIP-free,n35f5d20m10k3,560.946
MinisatID-free,n35f5d20m10k3,12000.0
Mistral-free,n35f5d20m10k3,88.032
OR-Tools-free,n35f5d20m10k3,12000.0
Picat-CP-fd,n35f5d20m10k3,12000.0
Picat-SAT-free,n35f5d20m10k3,69.602
SICStus-Prolog-fd,n35f5d20m10k3,12000.0
iZplus-free,n35f5d20m10k3,10.192
Choco-free,n60f7d50m30k10,12000.0
Chuffed-free,n60f7d50m30k10,12000.0
Concrete-free,n60f7d50m30k10,12000.0
G12FD-free,n60f7d50m30k10,12000.0
Gecode-free,n60f7d50m30k10,12000.0
HaifaCSP-free,n60f7d50m30k10,12000.0
JaCoP-fd,n60f7d50m30k10,12000.0
LCG-Glucose-UC-free,n60f7d50m30k10,12000.0
LCG-Glucose-free,n60f7d50m30k10,12000.0
MZN/CPLEX-free,n60f7d50m30k10,12000.0
MZN/Cbc-free,n60f7d50m30k10,12000.0
MZN/Gurobi-free,n60f7d50m30k10,12000.0
MZN/SCIP-free,n60f7d50m30k10,12000.0
MinisatID-free,n60f7d50m30k10,12000.0
Mistral-free,n60f7d50m30k10,12000.0
OR-Tools-free,n60f7d50m30k10,12000.0
Picat-CP-fd,n60f7d50m30k10,12000.0
Picat-SAT-free,n60f7d50m30k10,12000.0
SICStus-Prolog-fd,n60f7d50m30k10,12000.0
iZplus-free,n60f7d50m30k10,12000.0
Choco-free,n55f2d50m30k3,12000.0
Chuffed-free,n55f2d50m30k3,12000.0
Concrete-free,n55f2d50m30k3,12000.0
G12FD-free,n55f2d50m30k3,12000.0
Gecode-free,n55f2d50m30k3,12000.0
HaifaCSP-free,n55f2d50m30k3,12000.0
JaCoP-fd,n55f2d50m30k3,12000.0
LCG-Glucose-UC-free,n55f2d50m30k3,12000.0
LCG-Glucose-free,n55f2d50m30k3,12000.0
MZN/CPLEX-free,n55f2d50m30k3,12000.0
MZN/Cbc-free,n55f2d50m30k3,12000.0
MZN/Gurobi-free,n55f2d50m30k3,12000.0
MZN/SCIP-free,n55f2d50m30k3,12000.0
MinisatID-free,n55f2d50m30k3,12000.0
Mistral-free,n55f2d50m30k3,12000.0
OR-Tools-free,n55f2d50m30k3,12000.0
Picat-CP-fd,n55f2d50m30k3,12000.0
Picat-SAT-free,n55f2d50m30k3,12000.0
SICStus-Prolog-fd,n55f2d50m30k3,12000.0
iZplus-free,n55f2d50m30k3,12000.0
Choco-free,n180f7d50m30k18,12000.0
Chuffed-free,n180f7d50m30k18,12000.0
Concrete-free,n180f7d50m30k18,12000.0
G12FD-free,n180f7d50m30k18,12000.0
Gecode-free,n180f7d50m30k18,12000.0
HaifaCSP-free,n180f7d50m30k18,12000.0
JaCoP-fd,n180f7d50m30k18,12000.0
LCG-Glucose-UC-free,n180f7d50m30k18,12000.0
LCG-Glucose-free,n180f7d50m30k18,12000.0
MZN/CPLEX-free,n180f7d50m30k18,12000.0
MZN/Cbc-free,n180f7d50m30k18,12000.0
MZN/Gurobi-free,n180f7d50m30k18,12000.0
MZN/SCIP-free,n180f7d50m30k18,12000.0
MinisatID-free,n180f7d50m30k18,12000.0
Mistral-free,n180f7d50m30k18,12000.0
OR-Tools-free,n180f7d50m30k18,12000.0
Picat-CP-fd,n180f7d50m30k18,12000.0
Picat-SAT-free,n180f7d50m30k18,12000.0
SICStus-Prolog-fd,n180f7d50m30k18,12000.0
iZplus-free,n180f7d50m30k18,12000.0
Choco-free,n25f5d20m10k3,12000.0
Chuffed-free,n25f5d20m10k3,12000.0
Concrete-free,n25f5d20m10k3,12000.0
G12FD-free,n25f5d20m10k3,12000.0
Gecode-free,n25f5d20m10k3,12000.0
HaifaCSP-free,n25f5d20m10k3,12000.0
JaCoP-fd,n25f5d20m10k3,12000.0
LCG-Glucose-UC-free,n25f5d20m10k3,12000.0
LCG-Glucose-free,n25f5d20m10k3,12000.0
MZN/CPLEX-free,n25f5d20m10k3,12000.0
MZN/Cbc-free,n25f5d20m10k3,12000.0
MZN/Gurobi-free,n25f5d20m10k3,12000.0
MZN/SCIP-free,n25f5d20m10k3,12000.0
MinisatID-free,n25f5d20m10k3,12000.0
Mistral-free,n25f5d20m10k3,12000.0
OR-Tools-free,n25f5d20m10k3,12000.0
Picat-CP-fd,n25f5d20m10k3,12000.0
Picat-SAT-free,n25f5d20m10k3,12000.0
SICStus-Prolog-fd,n25f5d20m10k3,12000.0
iZplus-free,n25f5d20m10k3,12000.0
Choco-free,j30_15_5,5.523
Chuffed-free,j30_15_5,0.099
Concrete-free,j30_15_5,6.164
G12FD-free,j30_15_5,12000.0
Gecode-free,j30_15_5,930.6990000000001
HaifaCSP-free,j30_15_5,1.436
JaCoP-fd,j30_15_5,480.26800000000003
LCG-Glucose-UC-free,j30_15_5,0.08600000000000001
LCG-Glucose-free,j30_15_5,0.101
MZN/CPLEX-free,j30_15_5,1.692
MZN/Cbc-free,j30_15_5,441.308
MZN/Gurobi-free,j30_15_5,3.856
MZN/SCIP-free,j30_15_5,3.891
MinisatID-free,j30_15_5,0.23600000000000002
Mistral-free,j30_15_5,0.126
OR-Tools-free,j30_15_5,79.08
Picat-CP-fd,j30_15_5,12000.0
Picat-SAT-free,j30_15_5,1.442
SICStus-Prolog-fd,j30_15_5,74.239
iZplus-free,j30_15_5,0.264
Choco-free,j30_1_10,1106.9470000000001
Chuffed-free,j30_1_10,59.808
Concrete-free,j30_1_10,12000.0
G12FD-free,j30_1_10,12000.0
Gecode-free,j30_1_10,12000.0
HaifaCSP-free,j30_1_10,12000.0
JaCoP-fd,j30_1_10,12000.0
LCG-Glucose-UC-free,j30_1_10,12000.0
LCG-Glucose-free,j30_1_10,147.968
MZN/CPLEX-free,j30_1_10,12000.0
MZN/Cbc-free,j30_1_10,12000.0
MZN/Gurobi-free,j30_1_10,12000.0
MZN/SCIP-free,j30_1_10,12000.0
MinisatID-free,j30_1_10,914.5310000000001
Mistral-free,j30_1_10,12000.0
OR-Tools-free,j30_1_10,12000.0
Picat-CP-fd,j30_1_10,12000.0
Picat-SAT-free,j30_1_10,88.888
SICStus-Prolog-fd,j30_1_10,12000.0
iZplus-free,j30_1_10,12000.0
Choco-free,j30_37_4,5.936
Chuffed-free,j30_37_4,0.863
Concrete-free,j30_37_4,12000.0
G12FD-free,j30_37_4,61.847
Gecode-free,j30_37_4,18.542
HaifaCSP-free,j30_37_4,5.242
JaCoP-fd,j30_37_4,26.791
LCG-Glucose-UC-free,j30_37_4,0.486
LCG-Glucose-free,j30_37_4,0.5740000000000001
MZN/CPLEX-free,j30_37_4,216.97400000000002
MZN/Cbc-free,j30_37_4,12000.0
MZN/Gurobi-free,j30_37_4,12000.0
MZN/SCIP-free,j30_37_4,64.849
MinisatID-free,j30_37_4,9.896
Mistral-free,j30_37_4,41.709
OR-Tools-free,j30_37_4,14.764000000000001
Picat-CP-fd,j30_37_4,12000.0
Picat-SAT-free,j30_37_4,1.5110000000000001
SICStus-Prolog-fd,j30_37_4,25.721
iZplus-free,j30_37_4,0.384
Choco-free,j30_53_3,50.517
Chuffed-free,j30_53_3,92.59
Concrete-free,j30_53_3,12000.0
G12FD-free,j30_53_3,12000.0
Gecode-free,j30_53_3,54.099000000000004
HaifaCSP-free,j30_53_3,44.163000000000004
JaCoP-fd,j30_53_3,126.932
LCG-Glucose-UC-free,j30_53_3,12000.0
LCG-Glucose-free,j30_53_3,31.393
MZN/CPLEX-free,j30_53_3,12000.0
MZN/Cbc-free,j30_53_3,844.465
MZN/Gurobi-free,j30_53_3,70.035
MZN/SCIP-free,j30_53_3,249.622
MinisatID-free,j30_53_3,12000.0
Mistral-free,j30_53_3,12000.0
OR-Tools-free,j30_53_3,62.928000000000004
Picat-CP-fd,j30_53_3,642.068
Picat-SAT-free,j30_53_3,90.656
SICStus-Prolog-fd,j30_53_3,203.747
iZplus-free,j30_53_3,1119.943
Choco-free,j30_17_10,292.661
Chuffed-free,j30_17_10,537.056
Concrete-free,j30_17_10,12000.0
G12FD-free,j30_17_10,12000.0
Gecode-free,j30_17_10,237.311
HaifaCSP-free,j30_17_10,12000.0
JaCoP-fd,j30_17_10,740.77
LCG-Glucose-UC-free,j30_17_10,12000.0
LCG-Glucose-free,j30_17_10,181.126
MZN/CPLEX-free,j30_17_10,460.56
MZN/Cbc-free,j30_17_10,12000.0
MZN/Gurobi-free,j30_17_10,240.389
MZN/SCIP-free,j30_17_10,347.841
MinisatID-free,j30_17_10,12000.0
Mistral-free,j30_17_10,12000.0
OR-Tools-free,j30_17_10,268.053
Picat-CP-fd,j30_17_10,12000.0
Picat-SAT-free,j30_17_10,12000.0
SICStus-Prolog-fd,j30_17_10,761.113
iZplus-free,j30_17_10,12000.0
Choco-free,rat99_6,0.552
Chuffed-free,rat99_6,12000.0
Concrete-free,rat99_6,12000.0
G12FD-free,rat99_6,12000.0
Gecode-free,rat99_6,12000.0
HaifaCSP-free,rat99_6,12000.0
JaCoP-fd,rat99_6,0.298
LCG-Glucose-UC-free,rat99_6,12000.0
LCG-Glucose-free,rat99_6,12000.0
MZN/CPLEX-free,rat99_6,12000.0
MZN/Cbc-free,rat99_6,12000.0
MZN/Gurobi-free,rat99_6,12000.0
MZN/SCIP-free,rat99_6,12000.0
MinisatID-free,rat99_6,12000.0
Mistral-free,rat99_6,12000.0
OR-Tools-free,rat99_6,0.061
Picat-CP-fd,rat99_6,12000.0
Picat-SAT-free,rat99_6,12000.0
SICStus-Prolog-fd,rat99_6,12000.0
iZplus-free,rat99_6,12000.0
Choco-free,st70_5,0.553
Chuffed-free,st70_5,0.214
Concrete-free,st70_5,12000.0
G12FD-free,st70_5,12000.0
Gecode-free,st70_5,12000.0
HaifaCSP-free,st70_5,12000.0
JaCoP-fd,st70_5,0.317
LCG-Glucose-UC-free,st70_5,0.738
LCG-Glucose-free,st70_5,0.558
MZN/CPLEX-free,st70_5,12000.0
MZN/Cbc-free,st70_5,12000.0
MZN/Gurobi-free,st70_5,12000.0
MZN/SCIP-free,st70_5,12000.0
MinisatID-free,st70_5,3.008
Mistral-free,st70_5,12000.0
OR-Tools-free,st70_5,0.058
Picat-CP-fd,st70_5,12000.0
Picat-SAT-free,st70_5,5.053
SICStus-Prolog-fd,st70_5,0.526
iZplus-free,st70_5,12000.0
Choco-free,rat99_5,0.932
Chuffed-free,rat99_5,0.075
Concrete-free,rat99_5,5.506
G12FD-free,rat99_5,19.535
Gecode-free,rat99_5,14.492
HaifaCSP-free,rat99_5,11.282
JaCoP-fd,rat99_5,0.242
LCG-Glucose-UC-free,rat99_5,0.091
LCG-Glucose-free,rat99_5,0.108
MZN/CPLEX-free,rat99_5,33.009
MZN/Cbc-free,rat99_5,12000.0
MZN/Gurobi-free,rat99_5,20.251
MZN/SCIP-free,rat99_5,9.976
MinisatID-free,rat99_5,0.234
Mistral-free,rat99_5,0.9530000000000001
OR-Tools-free,rat99_5,0.055
Picat-CP-fd,rat99_5,18.818
Picat-SAT-free,rat99_5,0.6920000000000001
SICStus-Prolog-fd,rat99_5,0.508
iZplus-free,rat99_5,0.93
Choco-free,ulysses22_5,0.497
Chuffed-free,ulysses22_5,0.078
Concrete-free,ulysses22_5,4.972
G12FD-free,ulysses22_5,19.667
Gecode-free,ulysses22_5,17.667
HaifaCSP-free,ulysses22_5,9.835
JaCoP-fd,ulysses22_5,0.24
LCG-Glucose-UC-free,ulysses22_5,0.075
LCG-Glucose-free,ulysses22_5,0.114
MZN/CPLEX-free,ulysses22_5,19.627
MZN/Cbc-free,ulysses22_5,12000.0
MZN/Gurobi-free,ulysses22_5,1.283
MZN/SCIP-free,ulysses22_5,6.586
MinisatID-free,ulysses22_5,0.229
Mistral-free,ulysses22_5,0.88
OR-Tools-free,ulysses22_5,0.052000000000000005
Picat-CP-fd,ulysses22_5,18.35
Picat-SAT-free,ulysses22_5,0.8180000000000001
SICStus-Prolog-fd,ulysses22_5,0.495
iZplus-free,ulysses22_5,0.897
Choco-free,att48_6,12000.0
Chuffed-free,att48_6,12000.0
Concrete-free,att48_6,12000.0
G12FD-free,att48_6,12000.0
Gecode-free,att48_6,12000.0
HaifaCSP-free,att48_6,12000.0
JaCoP-fd,att48_6,12000.0
LCG-Glucose-UC-free,att48_6,0.491
LCG-Glucose-free,att48_6,12000.0
MZN/CPLEX-free,att48_6,12000.0
MZN/Cbc-free,att48_6,12000.0
MZN/Gurobi-free,att48_6,120.267
MZN/SCIP-free,att48_6,12000.0
MinisatID-free,att48_6,12000.0
Mistral-free,att48_6,12000.0
OR-Tools-free,att48_6,12000.0
Picat-CP-fd,att48_6,12000.0
Picat-SAT-free,att48_6,12000.0
SICStus-Prolog-fd,att48_6,12000.0
iZplus-free,att48_6,12000.0
Choco-free,j30_27_5-wet,111.09700000000001
Chuffed-free,j30_27_5-wet,1.223
Concrete-free,j30_27_5-wet,12000.0
G12FD-free,j30_27_5-wet,12000.0
Gecode-free,j30_27_5-wet,103.486
HaifaCSP-free,j30_27_5-wet,43.910000000000004
JaCoP-fd,j30_27_5-wet,136.887
LCG-Glucose-UC-free,j30_27_5-wet,3.702
LCG-Glucose-free,j30_27_5-wet,5.045
MZN/CPLEX-free,j30_27_5-wet,12000.0
MZN/Cbc-free,j30_27_5-wet,12000.0
MZN/Gurobi-free,j30_27_5-wet,12000.0
MZN/SCIP-free,j30_27_5-wet,12000.0
MinisatID-free,j30_27_5-wet,12000.0
Mistral-free,j30_27_5-wet,12000.0
OR-Tools-free,j30_27_5-wet,12000.0
Picat-CP-fd,j30_27_5-wet,12000.0
Picat-SAT-free,j30_27_5-wet,12000.0
SICStus-Prolog-fd,j30_27_5-wet,118.053
iZplus-free,j30_27_5-wet,12000.0
Choco-free,j30_44_8-wet,12000.0
Chuffed-free,j30_44_8-wet,0.847
Concrete-free,j30_44_8-wet,12000.0
G12FD-free,j30_44_8-wet,12000.0
Gecode-free,j30_44_8-wet,19.267
HaifaCSP-free,j30_44_8-wet,23.036
JaCoP-fd,j30_44_8-wet,39.376
LCG-Glucose-UC-free,j30_44_8-wet,1.316
LCG-Glucose-free,j30_44_8-wet,3.607
MZN/CPLEX-free,j30_44_8-wet,12000.0
MZN/Cbc-free,j30_44_8-wet,12000.0
MZN/Gurobi-free,j30_44_8-wet,12000.0
MZN/SCIP-free,j30_44_8-wet,12000.0
MinisatID-free,j30_44_8-wet,12000.0
Mistral-free,j30_44_8-wet,12000.0
OR-Tools-free,j30_44_8-wet,12000.0
Picat-CP-fd,j30_44_8-wet,12000.0
Picat-SAT-free,j30_44_8-wet,12000.0
SICStus-Prolog-fd,j30_44_8-wet,29.891000000000002
iZplus-free,j30_44_8-wet,12000.0
Choco-free,j90_19_7-wet,115.95100000000001
Chuffed-free,j90_19_7-wet,4.93
Concrete-free,j90_19_7-wet,12000.0
G12FD-free,j90_19_7-wet,12000.0
Gecode-free,j90_19_7-wet,92.399
HaifaCSP-free,j90_19_7-wet,130.135
JaCoP-fd,j90_19_7-wet,127.789
LCG-Glucose-UC-free,j90_19_7-wet,4.946
LCG-Glucose-free,j90_19_7-wet,4.807
MZN/CPLEX-free,j90_19_7-wet,12000.0
MZN/Cbc-free,j90_19_7-wet,12000.0
MZN/Gurobi-free,j90_19_7-wet,12000.0
MZN/SCIP-free,j90_19_7-wet,12000.0
MinisatID-free,j90_19_7-wet,12000.0
Mistral-free,j90_19_7-wet,12000.0
OR-Tools-free,j90_19_7-wet,12000.0
Picat-CP-fd,j90_19_7-wet,12000.0
Picat-SAT-free,j90_19_7-wet,12000.0
SICStus-Prolog-fd,j90_19_7-wet,113.354
iZplus-free,j90_19_7-wet,12000.0
Choco-free,j60_36_8-wet,110.745
Chuffed-free,j60_36_8-wet,1.569
Concrete-free,j60_36_8-wet,12000.0
G12FD-free,j60_36_8-wet,12000.0
Gecode-free,j60_36_8-wet,397.92400000000004
HaifaCSP-free,j60_36_8-wet,49.627
JaCoP-fd,j60_36_8-wet,220.376
LCG-Glucose-UC-free,j60_36_8-wet,1.219
LCG-Glucose-free,j60_36_8-wet,7.582
MZN/CPLEX-free,j60_36_8-wet,12000.0
MZN/Cbc-free,j60_36_8-wet,12000.0
MZN/Gurobi-free,j60_36_8-wet,12000.0
MZN/SCIP-free,j60_36_8-wet,12000.0
MinisatID-free,j60_36_8-wet,12000.0
Mistral-free,j60_36_8-wet,12000.0
OR-Tools-free,j60_36_8-wet,12000.0
Picat-CP-fd,j60_36_8-wet,12000.0
Picat-SAT-free,j60_36_8-wet,12000.0
SICStus-Prolog-fd,j60_36_8-wet,160.044
iZplus-free,j60_36_8-wet,12000.0
Choco-free,j90_10_10-wet,36.585
Chuffed-free,j90_10_10-wet,0.923
Concrete-free,j90_10_10-wet,12000.0
G12FD-free,j90_10_10-wet,12000.0
Gecode-free,j90_10_10-wet,44.644
HaifaCSP-free,j90_10_10-wet,79.516
JaCoP-fd,j90_10_10-wet,72.428
LCG-Glucose-UC-free,j90_10_10-wet,4.127
LCG-Glucose-free,j90_10_10-wet,10.367
MZN/CPLEX-free,j90_10_10-wet,12000.0
MZN/Cbc-free,j90_10_10-wet,12000.0
MZN/Gurobi-free,j90_10_10-wet,12000.0
MZN/SCIP-free,j90_10_10-wet,12000.0
MinisatID-free,j90_10_10-wet,12000.0
Mistral-free,j90_10_10-wet,12000.0
OR-Tools-free,j90_10_10-wet,12000.0
Picat-CP-fd,j90_10_10-wet,12000.0
Picat-SAT-free,j90_10_10-wet,12000.0
SICStus-Prolog-fd,j90_10_10-wet,52.996
iZplus-free,j90_10_10-wet,12000.0
Choco-free,12__6__8__3,2.487
Chuffed-free,12__6__8__3,2.0260000000000002
Concrete-free,12__6__8__3,12000.0
G12FD-free,12__6__8__3,495.262
Gecode-free,12__6__8__3,43.835
HaifaCSP-free,12__6__8__3,48.378
JaCoP-fd,12__6__8__3,12000.0
LCG-Glucose-UC-free,12__6__8__3,1.706
LCG-Glucose-free,12__6__8__3,3.731
MZN/CPLEX-free,12__6__8__3,82.791
MZN/Cbc-free,12__6__8__3,12000.0
MZN/Gurobi-free,12__6__8__3,315.692
MZN/SCIP-free,12__6__8__3,904.807
MinisatID-free,12__6__8__3,188.494
Mistral-free,12__6__8__3,12000.0
OR-Tools-free,12__6__8__3,323.188
Picat-CP-fd,12__6__8__3,12000.0
Picat-SAT-free,12__6__8__3,62.718
SICStus-Prolog-fd,12__6__8__3,11.124
iZplus-free,12__6__8__3,9.836
Choco-free,12__8__6__3,1.8900000000000001
Chuffed-free,12__8__6__3,1.73
Concrete-free,12__8__6__3,164.105
G12FD-free,12__8__6__3,2.676
Gecode-free,12__8__6__3,166.228
HaifaCSP-free,12__8__6__3,52.152
JaCoP-fd,12__8__6__3,918.142
LCG-Glucose-UC-free,12__8__6__3,1.712
LCG-Glucose-free,12__8__6__3,4.072
MZN/CPLEX-free,12__8__6__3,6.493
MZN/Cbc-free,12__8__6__3,784.471
MZN/Gurobi-free,12__8__6__3,4.189
MZN/SCIP-free,12__8__6__3,166.719
MinisatID-free,12__8__6__3,68.815
Mistral-free,12__8__6__3,12000.0
OR-Tools-free,12__8__6__3,281.243
Picat-CP-fd,12__8__6__3,12000.0
Picat-SAT-free,12__8__6__3,52.666000000000004
SICStus-Prolog-fd,12__8__6__3,814.842
iZplus-free,12__8__6__3,12.002
Choco-free,14__8__6__3,244.25900000000001
Chuffed-free,14__8__6__3,27.707
Concrete-free,14__8__6__3,16.959
G12FD-free,14__8__6__3,5.699
Gecode-free,14__8__6__3,389.21500000000003
HaifaCSP-free,14__8__6__3,15.079
JaCoP-fd,14__8__6__3,12000.0
LCG-Glucose-UC-free,14__8__6__3,5.219
LCG-Glucose-free,14__8__6__3,2.136
MZN/CPLEX-free,14__8__6__3,3.0580000000000003
MZN/Cbc-free,14__8__6__3,16.839
MZN/Gurobi-free,14__8__6__3,2.701
MZN/SCIP-free,14__8__6__3,14.506
MinisatID-free,14__8__6__3,73.031
Mistral-free,14__8__6__3,5.347
OR-Tools-free,14__8__6__3,897.653
Picat-CP-fd,14__8__6__3,12000.0
Picat-SAT-free,14__8__6__3,104.85900000000001
SICStus-Prolog-fd,14__8__6__3,12000.0
iZplus-free,14__8__6__3,65.745
Choco-free,14__10__8__3,5.66
Chuffed-free,14__10__8__3,1.042
Concrete-free,14__10__8__3,12000.0
G12FD-free,14__10__8__3,12000.0
Gecode-free,14__10__8__3,232.171
HaifaCSP-free,14__10__8__3,5.2410000000000005
JaCoP-fd,14__10__8__3,328.345
LCG-Glucose-UC-free,14__10__8__3,0.076
LCG-Glucose-free,14__10__8__3,0.363
MZN/CPLEX-free,14__10__8__3,1.881
MZN/Cbc-free,14__10__8__3,9.323
MZN/Gurobi-free,14__10__8__3,1.3980000000000001
MZN/SCIP-free,14__10__8__3,38.77
MinisatID-free,14__10__8__3,21.506
Mistral-free,14__10__8__3,4.343
OR-Tools-free,14__10__8__3,202.209
Picat-CP-fd,14__10__8__3,12000.0
Picat-SAT-free,14__10__8__3,32.63
SICStus-Prolog-fd,14__10__8__3,213.75900000000001
iZplus-free,14__10__8__3,5.804
Choco-free,14__6__8__3,12000.0
Chuffed-free,14__6__8__3,12000.0
Concrete-free,14__6__8__3,12000.0
G12FD-free,14__6__8__3,12000.0
Gecode-free,14__6__8__3,12000.0
HaifaCSP-free,14__6__8__3,12000.0
JaCoP-fd,14__6__8__3,12000.0
LCG-Glucose-UC-free,14__6__8__3,241.4
LCG-Glucose-free,14__6__8__3,162.23
MZN/CPLEX-free,14__6__8__3,12000.0
MZN/Cbc-free,14__6__8__3,12000.0
MZN/Gurobi-free,14__6__8__3,12000.0
MZN/SCIP-free,14__6__8__3,12000.0
MinisatID-free,14__6__8__3,12000.0
Mistral-free,14__6__8__3,12000.0
OR-Tools-free,14__6__8__3,12000.0
Picat-CP-fd,14__6__8__3,12000.0
Picat-SAT-free,14__6__8__3,12000.0
SICStus-Prolog-fd,14__6__8__3,12000.0
iZplus-free,14__6__8__3,12000.0
Choco-free,18_3_5,7.299
Chuffed-free,18_3_5,1.193
Concrete-free,18_3_5,52.348
G12FD-free,18_3_5,84.394
Gecode-free,18_3_5,127.10900000000001
HaifaCSP-free,18_3_5,5.353
JaCoP-fd,18_3_5,152.887
LCG-Glucose-UC-free,18_3_5,0.053
LCG-Glucose-free,18_3_5,0.335
MZN/CPLEX-free,18_3_5,1.172
MZN/Cbc-free,18_3_5,6.905
MZN/Gurobi-free,18_3_5,1.416
MZN/SCIP-free,18_3_5,11.539
MinisatID-free,18_3_5,35.856
Mistral-free,18_3_5,15.933
OR-Tools-free,18_3_5,142.873
Picat-CP-fd,18_3_5,12000.0
Picat-SAT-free,18_3_5,31.07
SICStus-Prolog-fd,18_3_5,108.697
iZplus-free,18_3_5,8.523
Choco-free,24_4_10,12000.0
Chuffed-free,24_4_10,18.959
Concrete-free,24_4_10,12000.0
G12FD-free,24_4_10,12000.0
Gecode-free,24_4_10,12000.0
HaifaCSP-free,24_4_10,161.141
JaCoP-fd,24_4_10,12000.0
LCG-Glucose-UC-free,24_4_10,4.3260000000000005
LCG-Glucose-free,24_4_10,7.165
MZN/CPLEX-free,24_4_10,723.1320000000001
MZN/Cbc-free,24_4_10,12000.0
MZN/Gurobi-free,24_4_10,12000.0
MZN/SCIP-free,24_4_10,12000.0
MinisatID-free,24_4_10,335.363
Mistral-free,24_4_10,12000.0
OR-Tools-free,24_4_10,12000.0
Picat-CP-fd,24_4_10,12000.0
Picat-SAT-free,24_4_10,109.011
SICStus-Prolog-fd,24_4_10,12000.0
iZplus-free,24_4_10,254.38500000000002
Choco-free,12_2_10,12000.0
Chuffed-free,12_2_10,12000.0
Concrete-free,12_2_10,12000.0
G12FD-free,12_2_10,12000.0
Gecode-free,12_2_10,12000.0
HaifaCSP-free,12_2_10,12000.0
JaCoP-fd,12_2_10,12000.0
LCG-Glucose-UC-free,12_2_10,0.149
LCG-Glucose-free,12_2_10,12000.0
MZN/CPLEX-free,12_2_10,3.476
MZN/Cbc-free,12_2_10,42.688
MZN/Gurobi-free,12_2_10,3.989
MZN/SCIP-free,12_2_10,250.28900000000002
MinisatID-free,12_2_10,12000.0
Mistral-free,12_2_10,12000.0
OR-Tools-free,12_2_10,12000.0
Picat-CP-fd,12_2_10,12000.0
Picat-SAT-free,12_2_10,281.496
SICStus-Prolog-fd,12_2_10,12000.0
iZplus-free,12_2_10,12000.0
Choco-free,18_3_10,12000.0
Chuffed-free,18_3_10,12000.0
Concrete-free,18_3_10,12000.0
G12FD-free,18_3_10,12000.0
Gecode-free,18_3_10,12000.0
HaifaCSP-free,18_3_10,12000.0
JaCoP-fd,18_3_10,12000.0
LCG-Glucose-UC-free,18_3_10,46.2
LCG-Glucose-free,18_3_10,12000.0
MZN/CPLEX-free,18_3_10,12000.0
MZN/Cbc-free,18_3_10,12000.0
MZN/Gurobi-free,18_3_10,12000.0
MZN/SCIP-free,18_3_10,12000.0
MinisatID-free,18_3_10,12000.0
Mistral-free,18_3_10,12000.0
OR-Tools-free,18_3_10,12000.0
Picat-CP-fd,18_3_10,12000.0
Picat-SAT-free,18_3_10,12000.0
SICStus-Prolog-fd,18_3_10,12000.0
iZplus-free,18_3_10,12000.0
Choco-free,12_2_5,12000.0
Chuffed-free,12_2_5,12000.0
Concrete-free,12_2_5,12000.0
G12FD-free,12_2_5,12000.0
Gecode-free,12_2_5,12000.0
HaifaCSP-free,12_2_5,12000.0
JaCoP-fd,12_2_5,12000.0
LCG-Glucose-UC-free,12_2_5,13.254
LCG-Glucose-free,12_2_5,12000.0
MZN/CPLEX-free,12_2_5,25.061
MZN/Cbc-free,12_2_5,12000.0
MZN/Gurobi-free,12_2_5,27.663
MZN/SCIP-free,12_2_5,12000.0
MinisatID-free,12_2_5,12000.0
Mistral-free,12_2_5,12000.0
OR-Tools-free,12_2_5,12000.0
Picat-CP-fd,12_2_5,12000.0
Picat-SAT-free,12_2_5,12000.0
SICStus-Prolog-fd,12_2_5,12000.0
iZplus-free,12_2_5,12000.0
Choco-free,30-5-6-8,58.592
Chuffed-free,30-5-6-8,55.929
Concrete-free,30-5-6-8,19.985
G12FD-free,30-5-6-8,1087.199
Gecode-free,30-5-6-8,40.695
HaifaCSP-free,30-5-6-8,1060.002
JaCoP-fd,30-5-6-8,307.232
LCG-Glucose-UC-free,30-5-6-8,22.776
LCG-Glucose-free,30-5-6-8,22.886
MZN/CPLEX-free,30-5-6-8,12000.0
MZN/Cbc-free,30-5-6-8,12000.0
MZN/Gurobi-free,30-5-6-8,12000.0
MZN/SCIP-free,30-5-6-8,12000.0
MinisatID-free,30-5-6-8,315.724
Mistral-free,30-5-6-8,12000.0
OR-Tools-free,30-5-6-8,183.601
Picat-CP-fd,30-5-6-8,12000.0
Picat-SAT-free,30-5-6-8,4.766
SICStus-Prolog-fd,30-5-6-8,160.939
iZplus-free,30-5-6-8,12000.0
Choco-free,30-5-6-2,284.456
Chuffed-free,30-5-6-2,232.26500000000001
Concrete-free,30-5-6-2,22.63
G12FD-free,30-5-6-2,12000.0
Gecode-free,30-5-6-2,197.62800000000001
HaifaCSP-free,30-5-6-2,12000.0
JaCoP-fd,30-5-6-2,12000.0
LCG-Glucose-UC-free,30-5-6-2,104.604
LCG-Glucose-free,30-5-6-2,104.854
MZN/CPLEX-free,30-5-6-2,12000.0
MZN/Cbc-free,30-5-6-2,12000.0
MZN/Gurobi-free,30-5-6-2,12000.0
MZN/SCIP-free,30-5-6-2,12000.0
MinisatID-free,30-5-6-2,12000.0
Mistral-free,30-5-6-2,12000.0
OR-Tools-free,30-5-6-2,402.916
Picat-CP-fd,30-5-6-2,12000.0
Picat-SAT-free,30-5-6-2,7.223
SICStus-Prolog-fd,30-5-6-2,727.585
iZplus-free,30-5-6-2,12000.0
Choco-free,32-4-8-2,12000.0
Chuffed-free,32-4-8-2,12000.0
Concrete-free,32-4-8-2,12000.0
G12FD-free,32-4-8-2,12000.0
Gecode-free,32-4-8-2,12000.0
HaifaCSP-free,32-4-8-2,12000.0
JaCoP-fd,32-4-8-2,12000.0
LCG-Glucose-UC-free,32-4-8-2,12000.0
LCG-Glucose-free,32-4-8-2,12000.0
MZN/CPLEX-free,32-4-8-2,12000.0
MZN/Cbc-free,32-4-8-2,12000.0
MZN/Gurobi-free,32-4-8-2,12000.0
MZN/SCIP-free,32-4-8-2,12000.0
MinisatID-free,32-4-8-2,12000.0
Mistral-free,32-4-8-2,12000.0
OR-Tools-free,32-4-8-2,12000.0
Picat-CP-fd,32-4-8-2,12000.0
Picat-SAT-free,32-4-8-2,12000.0
SICStus-Prolog-fd,32-4-8-2,12000.0
iZplus-free,32-4-8-2,12000.0
Choco-free,32-4-8-5,12000.0
Chuffed-free,32-4-8-5,12000.0
Concrete-free,32-4-8-5,12000.0
G12FD-free,32-4-8-5,12000.0
Gecode-free,32-4-8-5,12000.0
HaifaCSP-free,32-4-8-5,12000.0
JaCoP-fd,32-4-8-5,12000.0
LCG-Glucose-UC-free,32-4-8-5,12000.0
LCG-Glucose-free,32-4-8-5,12000.0
MZN/CPLEX-free,32-4-8-5,12000.0
MZN/Cbc-free,32-4-8-5,12000.0
MZN/Gurobi-free,32-4-8-5,12000.0
MZN/SCIP-free,32-4-8-5,12000.0
MinisatID-free,32-4-8-5,12000.0
Mistral-free,32-4-8-5,12000.0
OR-Tools-free,32-4-8-5,12000.0
Picat-CP-fd,32-4-8-5,12000.0
Picat-SAT-free,32-4-8-5,12000.0
SICStus-Prolog-fd,32-4-8-5,12000.0
iZplus-free,32-4-8-5,12000.0
Choco-free,28-4-7-1,357.8
Chuffed-free,28-4-7-1,348.183
Concrete-free,28-4-7-1,49.11
G12FD-free,28-4-7-1,12000.0
Gecode-free,28-4-7-1,384.788
HaifaCSP-free,28-4-7-1,12000.0
JaCoP-fd,28-4-7-1,1035.194
LCG-Glucose-UC-free,28-4-7-1,92.255
LCG-Glucose-free,28-4-7-1,92.59700000000001
MZN/CPLEX-free,28-4-7-1,12000.0
MZN/Cbc-free,28-4-7-1,12000.0
MZN/Gurobi-free,28-4-7-1,12000.0
MZN/SCIP-free,28-4-7-1,12000.0
MinisatID-free,28-4-7-1,12000.0
Mistral-free,28-4-7-1,12000.0
OR-Tools-free,28-4-7-1,730.945
Picat-CP-fd,28-4-7-1,12000.0
Picat-SAT-free,28-4-7-1,11.93
SICStus-Prolog-fd,28-4-7-1,1016.45
iZplus-free,28-4-7-1,12000.0
Choco-free,tpp_5_3_30_1,7.824
Chuffed-free,tpp_5_3_30_1,0.126
Concrete-free,tpp_5_3_30_1,4.07
G12FD-free,tpp_5_3_30_1,0.127
Gecode-free,tpp_5_3_30_1,12000.0
HaifaCSP-free,tpp_5_3_30_1,0.091
JaCoP-fd,tpp_5_3_30_1,0.355
LCG-Glucose-UC-free,tpp_5_3_30_1,3.583
LCG-Glucose-free,tpp_5_3_30_1,0.492
MZN/CPLEX-free,tpp_5_3_30_1,0.158
MZN/Cbc-free,tpp_5_3_30_1,0.996
MZN/Gurobi-free,tpp_5_3_30_1,0.188
MZN/SCIP-free,tpp_5_3_30_1,0.41400000000000003
MinisatID-free,tpp_5_3_30_1,20.513
Mistral-free,tpp_5_3_30_1,0.126
OR-Tools-free,tpp_5_3_30_1,12000.0
Picat-CP-fd,tpp_5_3_30_1,12000.0
Picat-SAT-free,tpp_5_3_30_1,11.931000000000001
SICStus-Prolog-fd,tpp_5_3_30_1,12000.0
iZplus-free,tpp_5_3_30_1,8.88
Choco-free,tpp_7_3_20_1,12000.0
Chuffed-free,tpp_7_3_20_1,0.523
Concrete-free,tpp_7_3_20_1,6.408
G12FD-free,tpp_7_3_20_1,0.649
Gecode-free,tpp_7_3_20_1,12000.0
HaifaCSP-free,tpp_7_3_20_1,0.384
JaCoP-fd,tpp_7_3_20_1,1.847
LCG-Glucose-UC-free,tpp_7_3_20_1,26.108
LCG-Glucose-free,tpp_7_3_20_1,1.135
MZN/CPLEX-free,tpp_7_3_20_1,0.47000000000000003
MZN/Cbc-free,tpp_7_3_20_1,8.318
MZN/Gurobi-free,tpp_7_3_20_1,0.388
MZN/SCIP-free,tpp_7_3_20_1,11.438
MinisatID-free,tpp_7_3_20_1,20.133
Mistral-free,tpp_7_3_20_1,0.554
OR-Tools-free,tpp_7_3_20_1,12000.0
Picat-CP-fd,tpp_7_3_20_1,12000.0
Picat-SAT-free,tpp_7_3_20_1,27.559
SICStus-Prolog-fd,tpp_7_3_20_1,12000.0
iZplus-free,tpp_7_3_20_1,0.404
Choco-free,tpp_6_3_20_1,12000.0
Chuffed-free,tpp_6_3_20_1,56.607
Concrete-free,tpp_6_3_20_1,12000.0
G12FD-free,tpp_6_3_20_1,12000.0
Gecode-free,tpp_6_3_20_1,12000.0
HaifaCSP-free,tpp_6_3_20_1,0.514
JaCoP-fd,tpp_6_3_20_1,12000.0
LCG-Glucose-UC-free,tpp_6_3_20_1,22.286
LCG-Glucose-free,tpp_6_3_20_1,334.261
MZN/CPLEX-free,tpp_6_3_20_1,0.8200000000000001
MZN/Cbc-free,tpp_6_3_20_1,10.274000000000001
MZN/Gurobi-free,tpp_6_3_20_1,1.024
MZN/SCIP-free,tpp_6_3_20_1,8.423
MinisatID-free,tpp_6_3_20_1,12000.0
Mistral-free,tpp_6_3_20_1,3.56
OR-Tools-free,tpp_6_3_20_1,12000.0
Picat-CP-fd,tpp_6_3_20_1,12000.0
Picat-SAT-free,tpp_6_3_20_1,12000.0
SICStus-Prolog-fd,tpp_6_3_20_1,12000.0
iZplus-free,tpp_6_3_20_1,47.023
Choco-free,tpp_7_3_30_1,12000.0
Chuffed-free,tpp_7_3_30_1,12000.0
Concrete-free,tpp_7_3_30_1,12000.0
G12FD-free,tpp_7_3_30_1,12000.0
Gecode-free,tpp_7_3_30_1,12000.0
HaifaCSP-free,tpp_7_3_30_1,23.511
JaCoP-fd,tpp_7_3_30_1,1.318
LCG-Glucose-UC-free,tpp_7_3_30_1,6.617
LCG-Glucose-free,tpp_7_3_30_1,546.98
MZN/CPLEX-free,tpp_7_3_30_1,0.65
MZN/Cbc-free,tpp_7_3_30_1,405.06600000000003
MZN/Gurobi-free,tpp_7_3_30_1,1.497
MZN/SCIP-free,tpp_7_3_30_1,36.789
MinisatID-free,tpp_7_3_30_1,12000.0
Mistral-free,tpp_7_3_30_1,12000.0
OR-Tools-free,tpp_7_3_30_1,12000.0
Picat-CP-fd,tpp_7_3_30_1,12000.0
Picat-SAT-free,tpp_7_3_30_1,12000.0
SICStus-Prolog-fd,tpp_7_3_30_1,12000.0
iZplus-free,tpp_7_3_30_1,12000.0
Choco-free,tpp_4_5_20_1,12000.0
Chuffed-free,tpp_4_5_20_1,51.884
Concrete-free,tpp_4_5_20_1,12000.0
G12FD-free,tpp_4_5_20_1,840.0690000000001
Gecode-free,tpp_4_5_20_1,12000.0
HaifaCSP-free,tpp_4_5_20_1,233.689
JaCoP-fd,tpp_4_5_20_1,12000.0
LCG-Glucose-UC-free,tpp_4_5_20_1,6.586
LCG-Glucose-free,tpp_4_5_20_1,15.085
MZN/CPLEX-free,tpp_4_5_20_1,3.636
MZN/Cbc-free,tpp_4_5_20_1,50.669000000000004
MZN/Gurobi-free,tpp_4_5_20_1,4.453
MZN/SCIP-free,tpp_4_5_20_1,25.018
MinisatID-free,tpp_4_5_20_1,389.457
Mistral-free,tpp_4_5_20_1,12000.0
OR-Tools-free,tpp_4_5_20_1,12000.0
Picat-CP-fd,tpp_4_5_20_1,12000.0
Picat-SAT-free,tpp_4_5_20_1,14.337
SICStus-Prolog-fd,tpp_4_5_20_1,12000.0
iZplus-free,tpp_4_5_20_1,0.489
Choco-free,fir_1_3,12000.0
Chuffed-free,fir_1_3,12000.0
Concrete-free,fir_1_3,12000.0
G12FD-free,fir_1_3,12000.0
Gecode-free,fir_1_3,12000.0
HaifaCSP-free,fir_1_3,12000.0
JaCoP-fd,fir_1_3,12000.0
LCG-Glucose-UC-free,fir_1_3,12000.0
LCG-Glucose-free,fir_1_3,12000.0
MZN/CPLEX-free,fir_1_3,12000.0
MZN/Cbc-free,fir_1_3,12000.0
MZN/Gurobi-free,fir_1_3,12000.0
MZN/SCIP-free,fir_1_3,12000.0
MinisatID-free,fir_1_3,12000.0
Mistral-free,fir_1_3,12000.0
OR-Tools-free,fir_1_3,12000.0
Picat-CP-fd,fir_1_3,12000.0
Picat-SAT-free,fir_1_3,1027.817
SICStus-Prolog-fd,fir_1_3,12000.0
iZplus-free,fir_1_3,12000.0
Choco-free,ar_1_3,1.7690000000000001
Chuffed-free,ar_1_3,101.70100000000001
Concrete-free,ar_1_3,4.4190000000000005
G12FD-free,ar_1_3,360.624
Gecode-free,ar_1_3,369.822
HaifaCSP-free,ar_1_3,49.806000000000004
JaCoP-fd,ar_1_3,18.361
LCG-Glucose-UC-free,ar_1_3,12.123000000000001
LCG-Glucose-free,ar_1_3,93.403
MZN/CPLEX-free,ar_1_3,2.057
MZN/Cbc-free,ar_1_3,41.207
MZN/Gurobi-free,ar_1_3,2.141
MZN/SCIP-free,ar_1_3,12.427
MinisatID-free,ar_1_3,420.677
Mistral-free,ar_1_3,12000.0
OR-Tools-free,ar_1_3,12000.0
Picat-CP-fd,ar_1_3,12000.0
Picat-SAT-free,ar_1_3,16.728
SICStus-Prolog-fd,ar_1_3,118.673
iZplus-free,ar_1_3,0.108
Choco-free,ewf_1_2,12000.0
Chuffed-free,ewf_1_2,12000.0
Concrete-free,ewf_1_2,12000.0
G12FD-free,ewf_1_2,12000.0
Gecode-free,ewf_1_2,12000.0
HaifaCSP-free,ewf_1_2,12000.0
JaCoP-fd,ewf_1_2,12000.0
LCG-Glucose-UC-free,ewf_1_2,12000.0
LCG-Glucose-free,ewf_1_2,12000.0
MZN/CPLEX-free,ewf_1_2,12000.0
MZN/Cbc-free,ewf_1_2,12000.0
MZN/Gurobi-free,ewf_1_2,12000.0
MZN/SCIP-free,ewf_1_2,12000.0
MinisatID-free,ewf_1_2,12000.0
Mistral-free,ewf_1_2,12000.0
OR-Tools-free,ewf_1_2,12000.0
Picat-CP-fd,ewf_1_2,12000.0
Picat-SAT-free,ewf_1_2,12000.0
SICStus-Prolog-fd,ewf_1_2,12000.0
iZplus-free,ewf_1_2,12000.0
Choco-free,fir_1_4,12000.0
Chuffed-free,fir_1_4,12000.0
Concrete-free,fir_1_4,12000.0
G12FD-free,fir_1_4,12000.0
Gecode-free,fir_1_4,12000.0
HaifaCSP-free,fir_1_4,12000.0
JaCoP-fd,fir_1_4,12000.0
LCG-Glucose-UC-free,fir_1_4,12000.0
LCG-Glucose-free,fir_1_4,12000.0
MZN/CPLEX-free,fir_1_4,12000.0
MZN/Cbc-free,fir_1_4,12000.0
MZN/Gurobi-free,fir_1_4,12000.0
MZN/SCIP-free,fir_1_4,12000.0
MinisatID-free,fir_1_4,12000.0
Mistral-free,fir_1_4,12000.0
OR-Tools-free,fir_1_4,12000.0
Picat-CP-fd,fir_1_4,12000.0
Picat-SAT-free,fir_1_4,12000.0
SICStus-Prolog-fd,fir_1_4,12000.0
iZplus-free,fir_1_4,12000.0
Choco-free,dct_1_3,12000.0
Chuffed-free,dct_1_3,68.519
Concrete-free,dct_1_3,12000.0
G12FD-free,dct_1_3,12000.0
Gecode-free,dct_1_3,12000.0
HaifaCSP-free,dct_1_3,503.553
JaCoP-fd,dct_1_3,12000.0
LCG-Glucose-UC-free,dct_1_3,17.583000000000002
LCG-Glucose-free,dct_1_3,196.93200000000002
MZN/CPLEX-free,dct_1_3,12000.0
MZN/Cbc-free,dct_1_3,12000.0
MZN/Gurobi-free,dct_1_3,12000.0
MZN/SCIP-free,dct_1_3,12000.0
MinisatID-free,dct_1_3,12000.0
Mistral-free,dct_1_3,12000.0
OR-Tools-free,dct_1_3,12000.0
Picat-CP-fd,dct_1_3,12000.0
Picat-SAT-free,dct_1_3,12000.0
SICStus-Prolog-fd,dct_1_3,12000.0
iZplus-free,dct_1_3,12000.0
Choco-free,CELAR7-SUB4,12000.0
Chuffed-free,CELAR7-SUB4,0.518
Concrete-free,CELAR7-SUB4,12000.0
G12FD-free,CELAR7-SUB4,12000.0
Gecode-free,CELAR7-SUB4,12000.0
HaifaCSP-free,CELAR7-SUB4,2.2
JaCoP-fd,CELAR7-SUB4,12000.0
LCG-Glucose-UC-free,CELAR7-SUB4,0.484
LCG-Glucose-free,CELAR7-SUB4,1.095
MZN/CPLEX-free,CELAR7-SUB4,5.904
MZN/Cbc-free,CELAR7-SUB4,64.306
MZN/Gurobi-free,CELAR7-SUB4,3.436
MZN/SCIP-free,CELAR7-SUB4,105.303
MinisatID-free,CELAR7-SUB4,4.761
Mistral-free,CELAR7-SUB4,4.474
OR-Tools-free,CELAR7-SUB4,12000.0
Picat-CP-fd,CELAR7-SUB4,12000.0
Picat-SAT-free,CELAR7-SUB4,9.125
SICStus-Prolog-fd,CELAR7-SUB4,12000.0
iZplus-free,CELAR7-SUB4,3.642
Choco-free,scen07,12000.0
Chuffed-free,scen07,0.8200000000000001
Concrete-free,scen07,12000.0
G12FD-free,scen07,12000.0
Gecode-free,scen07,12000.0
HaifaCSP-free,scen07,3.162
JaCoP-fd,scen07,12000.0
LCG-Glucose-UC-free,scen07,0.748
LCG-Glucose-free,scen07,1.716
MZN/CPLEX-free,scen07,17.746
MZN/Cbc-free,scen07,375.97700000000003
MZN/Gurobi-free,scen07,11.144
MZN/SCIP-free,scen07,92.738
MinisatID-free,scen07,11.1
Mistral-free,scen07,12000.0
OR-Tools-free,scen07,12000.0
Picat-CP-fd,scen07,12000.0
Picat-SAT-free,scen07,19.425
SICStus-Prolog-fd,scen07,12000.0
iZplus-free,scen07,12000.0
Choco-free,graph05,12000.0
Chuffed-free,graph05,1.685
Concrete-free,graph05,12000.0
G12FD-free,graph05,12000.0
Gecode-free,graph05,12000.0
HaifaCSP-free,graph05,8.294
JaCoP-fd,graph05,12000.0
LCG-Glucose-UC-free,graph05,1.434
LCG-Glucose-free,graph05,8.333
MZN/CPLEX-free,graph05,34.698
MZN/Cbc-free,graph05,12000.0
MZN/Gurobi-free,graph05,44.294000000000004
MZN/SCIP-free,graph05,12000.0
MinisatID-free,graph05,38.875
Mistral-free,graph05,12000.0
OR-Tools-free,graph05,12000.0
Picat-CP-fd,graph05,12000.0
Picat-SAT-free,graph05,46.119
SICStus-Prolog-fd,graph05,12000.0
iZplus-free,graph05,12000.0
Choco-free,CELAR6-SUB0,12000.0
Chuffed-free,CELAR6-SUB0,5.662
Concrete-free,CELAR6-SUB0,12000.0
G12FD-free,CELAR6-SUB0,12000.0
Gecode-free,CELAR6-SUB0,12000.0
HaifaCSP-free,CELAR6-SUB0,56.752
JaCoP-fd,CELAR6-SUB0,12000.0
LCG-Glucose-UC-free,CELAR6-SUB0,4.003
LCG-Glucose-free,CELAR6-SUB0,37.86
MZN/CPLEX-free,CELAR6-SUB0,255.24800000000002
MZN/Cbc-free,CELAR6-SUB0,12000.0
MZN/Gurobi-free,CELAR6-SUB0,186.373
MZN/SCIP-free,CELAR6-SUB0,12000.0
MinisatID-free,CELAR6-SUB0,223.42600000000002
Mistral-free,CELAR6-SUB0,12000.0
OR-Tools-free,CELAR6-SUB0,12000.0
Picat-CP-fd,CELAR6-SUB0,12000.0
Picat-SAT-free,CELAR6-SUB0,69.41
SICStus-Prolog-fd,CELAR6-SUB0,12000.0
iZplus-free,CELAR6-SUB0,12000.0
Choco-free,CELAR6-SUB4,12000.0
Chuffed-free,CELAR6-SUB4,12000.0
Concrete-free,CELAR6-SUB4,12000.0
G12FD-free,CELAR6-SUB4,12000.0
Gecode-free,CELAR6-SUB4,12000.0
HaifaCSP-free,CELAR6-SUB4,12000.0
JaCoP-fd,CELAR6-SUB4,12000.0
LCG-Glucose-UC-free,CELAR6-SUB4,12000.0
LCG-Glucose-free,CELAR6-SUB4,12000.0
MZN/CPLEX-free,CELAR6-SUB4,12000.0
MZN/Cbc-free,CELAR6-SUB4,12000.0
MZN/Gurobi-free,CELAR6-SUB4,12000.0
MZN/SCIP-free,CELAR6-SUB4,12000.0
MinisatID-free,CELAR6-SUB4,12000.0
Mistral-free,CELAR6-SUB4,12000.0
OR-Tools-free,CELAR6-SUB4,12000.0
Picat-CP-fd,CELAR6-SUB4,12000.0
Picat-SAT-free,CELAR6-SUB4,12000.0
SICStus-Prolog-fd,CELAR6-SUB4,12000.0
iZplus-free,CELAR6-SUB4,12000.0
Choco-free,c_v15_a105_d7,12000.0
Chuffed-free,c_v15_a105_d7,12000.0
Concrete-free,c_v15_a105_d7,12000.0
G12FD-free,c_v15_a105_d7,12000.0
Gecode-free,c_v15_a105_d7,12000.0
HaifaCSP-free,c_v15_a105_d7,12000.0
JaCoP-fd,c_v15_a105_d7,12000.0
LCG-Glucose-UC-free,c_v15_a105_d7,12000.0
LCG-Glucose-free,c_v15_a105_d7,12000.0
MZN/CPLEX-free,c_v15_a105_d7,12000.0
MZN/Cbc-free,c_v15_a105_d7,12000.0
MZN/Gurobi-free,c_v15_a105_d7,12000.0
MZN/SCIP-free,c_v15_a105_d7,12000.0
MinisatID-free,c_v15_a105_d7,12000.0
Mistral-free,c_v15_a105_d7,12000.0
OR-Tools-free,c_v15_a105_d7,12000.0
Picat-CP-fd,c_v15_a105_d7,12000.0
Picat-SAT-free,c_v15_a105_d7,12000.0
SICStus-Prolog-fd,c_v15_a105_d7,12000.0
iZplus-free,c_v15_a105_d7,12000.0
Choco-free,s_v40_a100_d5,3.165
Chuffed-free,s_v40_a100_d5,1.477
Concrete-free,s_v40_a100_d5,12000.0
G12FD-free,s_v40_a100_d5,6.659
Gecode-free,s_v40_a100_d5,15.787
HaifaCSP-free,s_v40_a100_d5,7.006
JaCoP-fd,s_v40_a100_d5,25.978
LCG-Glucose-UC-free,s_v40_a100_d5,1.477
LCG-Glucose-free,s_v40_a100_d5,1.466
MZN/CPLEX-free,s_v40_a100_d5,34.934
MZN/Cbc-free,s_v40_a100_d5,12000.0
MZN/Gurobi-free,s_v40_a100_d5,411.827
MZN/SCIP-free,s_v40_a100_d5,672.62
MinisatID-free,s_v40_a100_d5,6.2
Mistral-free,s_v40_a100_d5,11.586
OR-Tools-free,s_v40_a100_d5,19.047
Picat-CP-fd,s_v40_a100_d5,71.646
Picat-SAT-free,s_v40_a100_d5,5.066
SICStus-Prolog-fd,s_v40_a100_d5,65.07000000000001
iZplus-free,s_v40_a100_d5,1.845
Choco-free,c_v20_a190_d5,12000.0
Chuffed-free,c_v20_a190_d5,12000.0
Concrete-free,c_v20_a190_d5,12000.0
G12FD-free,c_v20_a190_d5,12000.0
Gecode-free,c_v20_a190_d5,12000.0
HaifaCSP-free,c_v20_a190_d5,12000.0
JaCoP-fd,c_v20_a190_d5,12000.0
LCG-Glucose-UC-free,c_v20_a190_d5,12000.0
LCG-Glucose-free,c_v20_a190_d5,12000.0
MZN/CPLEX-free,c_v20_a190_d5,12000.0
MZN/Cbc-free,c_v20_a190_d5,12000.0
MZN/Gurobi-free,c_v20_a190_d5,12000.0
MZN/SCIP-free,c_v20_a190_d5,12000.0
MinisatID-free,c_v20_a190_d5,12000.0
Mistral-free,c_v20_a190_d5,12000.0
OR-Tools-free,c_v20_a190_d5,12000.0
Picat-CP-fd,c_v20_a190_d5,12000.0
Picat-SAT-free,c_v20_a190_d5,12000.0
SICStus-Prolog-fd,c_v20_a190_d5,12000.0
iZplus-free,c_v20_a190_d5,12000.0
Choco-free,s_v20_a50_d5,12000.0
Chuffed-free,s_v20_a50_d5,12000.0
Concrete-free,s_v20_a50_d5,12000.0
G12FD-free,s_v20_a50_d5,12000.0
Gecode-free,s_v20_a50_d5,12000.0
HaifaCSP-free,s_v20_a50_d5,12000.0
JaCoP-fd,s_v20_a50_d5,12000.0
LCG-Glucose-UC-free,s_v20_a50_d5,12000.0
LCG-Glucose-free,s_v20_a50_d5,12000.0
MZN/CPLEX-free,s_v20_a50_d5,12000.0
MZN/Cbc-free,s_v20_a50_d5,12000.0
MZN/Gurobi-free,s_v20_a50_d5,12000.0
MZN/SCIP-free,s_v20_a50_d5,12000.0
MinisatID-free,s_v20_a50_d5,12000.0
Mistral-free,s_v20_a50_d5,12000.0
OR-Tools-free,s_v20_a50_d5,12000.0
Picat-CP-fd,s_v20_a50_d5,12000.0
Picat-SAT-free,s_v20_a50_d5,12000.0
SICStus-Prolog-fd,s_v20_a50_d5,12000.0
iZplus-free,s_v20_a50_d5,12000.0
Choco-free,s_v20_a50_d4,12000.0
Chuffed-free,s_v20_a50_d4,3.568
Concrete-free,s_v20_a50_d4,12000.0
G12FD-free,s_v20_a50_d4,12000.0
Gecode-free,s_v20_a50_d4,12000.0
HaifaCSP-free,s_v20_a50_d4,13.147
JaCoP-fd,s_v20_a50_d4,12000.0
LCG-Glucose-UC-free,s_v20_a50_d4,1.294
LCG-Glucose-free,s_v20_a50_d4,1.301
MZN/CPLEX-free,s_v20_a50_d4,523.25
MZN/Cbc-free,s_v20_a50_d4,12000.0
MZN/Gurobi-free,s_v20_a50_d4,885.005
MZN/SCIP-free,s_v20_a50_d4,307.558
MinisatID-free,s_v20_a50_d4,20.258
Mistral-free,s_v20_a50_d4,12000.0
OR-Tools-free,s_v20_a50_d4,12000.0
Picat-CP-fd,s_v20_a50_d4,12000.0
Picat-SAT-free,s_v20_a50_d4,4.827
SICStus-Prolog-fd,s_v20_a50_d4,12000.0
iZplus-free,s_v20_a50_d4,10.502
Choco-free,mzn_rnd_test.20,31.406000000000002
Chuffed-free,mzn_rnd_test.20,0.225
Concrete-free,mzn_rnd_test.20,12000.0
G12FD-free,mzn_rnd_test.20,57.619
Gecode-free,mzn_rnd_test.20,43.035000000000004
HaifaCSP-free,mzn_rnd_test.20,0.124
JaCoP-fd,mzn_rnd_test.20,45.783
LCG-Glucose-UC-free,mzn_rnd_test.20,0.154
LCG-Glucose-free,mzn_rnd_test.20,0.157
MZN/CPLEX-free,mzn_rnd_test.20,0.07
MZN/Cbc-free,mzn_rnd_test.20,0.075
MZN/Gurobi-free,mzn_rnd_test.20,0.073
MZN/SCIP-free,mzn_rnd_test.20,0.083
MinisatID-free,mzn_rnd_test.20,0.361
Mistral-free,mzn_rnd_test.20,22.785
OR-Tools-free,mzn_rnd_test.20,57.935
Picat-CP-fd,mzn_rnd_test.20,68.057
Picat-SAT-free,mzn_rnd_test.20,0.587
SICStus-Prolog-fd,mzn_rnd_test.20,58.444
iZplus-free,mzn_rnd_test.20,495.094
Choco-free,mzn_rnd_test.13,516.482
Chuffed-free,mzn_rnd_test.13,0.10200000000000001
Concrete-free,mzn_rnd_test.13,4.955
G12FD-free,mzn_rnd_test.13,39.845
Gecode-free,mzn_rnd_test.13,12000.0
HaifaCSP-free,mzn_rnd_test.13,0.11
JaCoP-fd,mzn_rnd_test.13,12000.0
LCG-Glucose-UC-free,mzn_rnd_test.13,0.162
LCG-Glucose-free,mzn_rnd_test.13,0.17300000000000001
MZN/CPLEX-free,mzn_rnd_test.13,0.324
MZN/Cbc-free,mzn_rnd_test.13,6.649
MZN/Gurobi-free,mzn_rnd_test.13,0.34
MZN/SCIP-free,mzn_rnd_test.13,2.712
MinisatID-free,mzn_rnd_test.13,1.4060000000000001
Mistral-free,mzn_rnd_test.13,0.187
OR-Tools-free,mzn_rnd_test.13,12000.0
Picat-CP-fd,mzn_rnd_test.13,12000.0
Picat-SAT-free,mzn_rnd_test.13,0.882
SICStus-Prolog-fd,mzn_rnd_test.13,12000.0
iZplus-free,mzn_rnd_test.13,0.589
Choco-free,mzn_rnd_test.06,12.112
Chuffed-free,mzn_rnd_test.06,3.152
Concrete-free,mzn_rnd_test.06,12000.0
G12FD-free,mzn_rnd_test.06,194.769
Gecode-free,mzn_rnd_test.06,26.164
HaifaCSP-free,mzn_rnd_test.06,8.026
JaCoP-fd,mzn_rnd_test.06,45.27
LCG-Glucose-UC-free,mzn_rnd_test.06,1.715
LCG-Glucose-free,mzn_rnd_test.06,0.272
MZN/CPLEX-free,mzn_rnd_test.06,209.18800000000002
MZN/Cbc-free,mzn_rnd_test.06,12000.0
MZN/Gurobi-free,mzn_rnd_test.06,75.922
MZN/SCIP-free,mzn_rnd_test.06,71.495
MinisatID-free,mzn_rnd_test.06,6.678
Mistral-free,mzn_rnd_test.06,1.6
OR-Tools-free,mzn_rnd_test.06,25.516000000000002
Picat-CP-fd,mzn_rnd_test.06,67.361
Picat-SAT-free,mzn_rnd_test.06,10.438
SICStus-Prolog-fd,mzn_rnd_test.06,45.339
iZplus-free,mzn_rnd_test.06,4.7250000000000005
Choco-free,mzn_rnd_test.02,213.353
Chuffed-free,mzn_rnd_test.02,11.184000000000001
Concrete-free,mzn_rnd_test.02,12000.0
G12FD-free,mzn_rnd_test.02,1073.225
Gecode-free,mzn_rnd_test.02,492.481
HaifaCSP-free,mzn_rnd_test.02,105.002
JaCoP-fd,mzn_rnd_test.02,853.624
LCG-Glucose-UC-free,mzn_rnd_test.02,2.977
LCG-Glucose-free,mzn_rnd_test.02,1.992
MZN/CPLEX-free,mzn_rnd_test.02,568.744
MZN/Cbc-free,mzn_rnd_test.02,12000.0
MZN/Gurobi-free,mzn_rnd_test.02,988.429
MZN/SCIP-free,mzn_rnd_test.02,224.215
MinisatID-free,mzn_rnd_test.02,26.019000000000002
Mistral-free,mzn_rnd_test.02,6.647
OR-Tools-free,mzn_rnd_test.02,232.635
Picat-CP-fd,mzn_rnd_test.02,12000.0
Picat-SAT-free,mzn_rnd_test.02,19.990000000000002
SICStus-Prolog-fd,mzn_rnd_test.02,740.399
iZplus-free,mzn_rnd_test.02,8.754
Choco-free,mzn_rnd_test.11,12000.0
Chuffed-free,mzn_rnd_test.11,12000.0
Concrete-free,mzn_rnd_test.11,12000.0
G12FD-free,mzn_rnd_test.11,12000.0
Gecode-free,mzn_rnd_test.11,12000.0
HaifaCSP-free,mzn_rnd_test.11,12000.0
JaCoP-fd,mzn_rnd_test.11,12000.0
LCG-Glucose-UC-free,mzn_rnd_test.11,12000.0
LCG-Glucose-free,mzn_rnd_test.11,12000.0
MZN/CPLEX-free,mzn_rnd_test.11,12000.0
MZN/Cbc-free,mzn_rnd_test.11,12000.0
MZN/Gurobi-free,mzn_rnd_test.11,35.729
MZN/SCIP-free,mzn_rnd_test.11,12000.0
MinisatID-free,mzn_rnd_test.11,12000.0
Mistral-free,mzn_rnd_test.11,12000.0
OR-Tools-free,mzn_rnd_test.11,12000.0
Picat-CP-fd,mzn_rnd_test.11,12000.0
Picat-SAT-free,mzn_rnd_test.11,232.08
SICStus-Prolog-fd,mzn_rnd_test.11,12000.0
iZplus-free,mzn_rnd_test.11,12000.0
Choco-free,kb128_n5_obj11,12000.0
Chuffed-free,kb128_n5_obj11,12000.0
Concrete-free,kb128_n5_obj11,12000.0
G12FD-free,kb128_n5_obj11,12000.0
Gecode-free,kb128_n5_obj11,12000.0
HaifaCSP-free,kb128_n5_obj11,12000.0
JaCoP-fd,kb128_n5_obj11,12000.0
LCG-Glucose-UC-free,kb128_n5_obj11,12000.0
LCG-Glucose-free,kb128_n5_obj11,12000.0
MZN/CPLEX-free,kb128_n5_obj11,12000.0
MZN/Cbc-free,kb128_n5_obj11,12000.0
MZN/Gurobi-free,kb128_n5_obj11,132.972
MZN/SCIP-free,kb128_n5_obj11,12000.0
MinisatID-free,kb128_n5_obj11,12000.0
Mistral-free,kb128_n5_obj11,12000.0
OR-Tools-free,kb128_n5_obj11,12000.0
Picat-CP-fd,kb128_n5_obj11,12000.0
Picat-SAT-free,kb128_n5_obj11,12000.0
SICStus-Prolog-fd,kb128_n5_obj11,12000.0
iZplus-free,kb128_n5_obj11,12000.0
Choco-free,kb128_n5_obj14,12000.0
Chuffed-free,kb128_n5_obj14,12000.0
Concrete-free,kb128_n5_obj14,12000.0
G12FD-free,kb128_n5_obj14,12000.0
Gecode-free,kb128_n5_obj14,12000.0
HaifaCSP-free,kb128_n5_obj14,12000.0
JaCoP-fd,kb128_n5_obj14,12000.0
LCG-Glucose-UC-free,kb128_n5_obj14,0.525
LCG-Glucose-free,kb128_n5_obj14,12000.0
MZN/CPLEX-free,kb128_n5_obj14,48.756
MZN/Cbc-free,kb128_n5_obj14,12000.0
MZN/Gurobi-free,kb128_n5_obj14,7.805000000000001
MZN/SCIP-free,kb128_n5_obj14,12000.0
MinisatID-free,kb128_n5_obj14,12000.0
Mistral-free,kb128_n5_obj14,12000.0
OR-Tools-free,kb128_n5_obj14,12000.0
Picat-CP-fd,kb128_n5_obj14,12000.0
Picat-SAT-free,kb128_n5_obj14,64.57000000000001
SICStus-Prolog-fd,kb128_n5_obj14,12000.0
iZplus-free,kb128_n5_obj14,12000.0
Choco-free,kb128_n5_obj17,12000.0
Chuffed-free,kb128_n5_obj17,12000.0
Concrete-free,kb128_n5_obj17,12000.0
G12FD-free,kb128_n5_obj17,12000.0
Gecode-free,kb128_n5_obj17,12000.0
HaifaCSP-free,kb128_n5_obj17,0.3
JaCoP-fd,kb128_n5_obj17,0.556
LCG-Glucose-UC-free,kb128_n5_obj17,80.601
LCG-Glucose-free,kb128_n5_obj17,23.475
MZN/CPLEX-free,kb128_n5_obj17,0.331
MZN/Cbc-free,kb128_n5_obj17,5.601
MZN/Gurobi-free,kb128_n5_obj17,0.662
MZN/SCIP-free,kb128_n5_obj17,4.078
MinisatID-free,kb128_n5_obj17,12000.0
Mistral-free,kb128_n5_obj17,12000.0
OR-Tools-free,kb128_n5_obj17,12000.0
Picat-CP-fd,kb128_n5_obj17,12000.0
Picat-SAT-free,kb128_n5_obj17,234.59
SICStus-Prolog-fd,kb128_n5_obj17,12000.0
iZplus-free,kb128_n5_obj17,12000.0
Choco-free,kb192_n7_obj10,12000.0
Chuffed-free,kb192_n7_obj10,89.165
Concrete-free,kb192_n7_obj10,12000.0
G12FD-free,kb192_n7_obj10,12000.0
Gecode-free,kb192_n7_obj10,252.263
HaifaCSP-free,kb192_n7_obj10,12000.0
JaCoP-fd,kb192_n7_obj10,333.821
LCG-Glucose-UC-free,kb192_n7_obj10,12000.0
LCG-Glucose-free,kb192_n7_obj10,528.572
MZN/CPLEX-free,kb192_n7_obj10,12000.0
MZN/Cbc-free,kb192_n7_obj10,12000.0
MZN/Gurobi-free,kb192_n7_obj10,1091.525
MZN/SCIP-free,kb192_n7_obj10,12000.0
MinisatID-free,kb192_n7_obj10,12000.0
Mistral-free,kb192_n7_obj10,12000.0
OR-Tools-free,kb192_n7_obj10,12000.0
Picat-CP-fd,kb192_n7_obj10,12000.0
Picat-SAT-free,kb192_n7_obj10,331.874
SICStus-Prolog-fd,kb192_n7_obj10,12000.0
iZplus-free,kb192_n7_obj10,12000.0
Choco-free,kb128_n5_obj16,77.58
Chuffed-free,kb128_n5_obj16,153.639
Concrete-free,kb128_n5_obj16,12000.0
G12FD-free,kb128_n5_obj16,12000.0
Gecode-free,kb128_n5_obj16,97.11500000000001
HaifaCSP-free,kb128_n5_obj16,305.36400000000003
JaCoP-fd,kb128_n5_obj16,195.774
LCG-Glucose-UC-free,kb128_n5_obj16,12000.0
LCG-Glucose-free,kb128_n5_obj16,64.857
MZN/CPLEX-free,kb128_n5_obj16,26.624000000000002
MZN/Cbc-free,kb128_n5_obj16,53.591
MZN/Gurobi-free,kb128_n5_obj16,12.396
MZN/SCIP-free,kb128_n5_obj16,14.398
MinisatID-free,kb128_n5_obj16,12000.0
Mistral-free,kb128_n5_obj16,12000.0
OR-Tools-free,kb128_n5_obj16,96.244
Picat-CP-fd,kb128_n5_obj16,12000.0
Picat-SAT-free,kb128_n5_obj16,103.736
SICStus-Prolog-fd,kb128_n5_obj16,170.286
iZplus-free,kb128_n5_obj16,12000.0
Choco-free,oocsp_racks_030_e6_cc,520.446
Chuffed-free,oocsp_racks_030_e6_cc,12000.0
Concrete-free,oocsp_racks_030_e6_cc,12000.0
G12FD-free,oocsp_racks_030_e6_cc,12000.0
Gecode-free,oocsp_racks_030_e6_cc,991.463
HaifaCSP-free,oocsp_racks_030_e6_cc,492.216
JaCoP-fd,oocsp_racks_030_e6_cc,12000.0
LCG-Glucose-UC-free,oocsp_racks_030_e6_cc,12000.0
LCG-Glucose-free,oocsp_racks_030_e6_cc,12000.0
MZN/CPLEX-free,oocsp_racks_030_e6_cc,12000.0
MZN/Cbc-free,oocsp_racks_030_e6_cc,405.111
MZN/Gurobi-free,oocsp_racks_030_e6_cc,32.061
MZN/SCIP-free,oocsp_racks_030_e6_cc,29.38
MinisatID-free,oocsp_racks_030_e6_cc,12000.0
Mistral-free,oocsp_racks_030_e6_cc,12000.0
OR-Tools-free,oocsp_racks_030_e6_cc,933.51
Picat-CP-fd,oocsp_racks_030_e6_cc,12000.0
Picat-SAT-free,oocsp_racks_030_e6_cc,78.828
SICStus-Prolog-fd,oocsp_racks_030_e6_cc,12000.0
iZplus-free,oocsp_racks_030_e6_cc,12000.0
Choco-free,oocsp_racks_030_f7_cc,12000.0
Chuffed-free,oocsp_racks_030_f7_cc,12000.0
Concrete-free,oocsp_racks_030_f7_cc,12000.0
G12FD-free,oocsp_racks_030_f7_cc,12000.0
Gecode-free,oocsp_racks_030_f7_cc,12000.0
HaifaCSP-free,oocsp_racks_030_f7_cc,12000.0
JaCoP-fd,oocsp_racks_030_f7_cc,12000.0
LCG-Glucose-UC-free,oocsp_racks_030_f7_cc,12000.0
LCG-Glucose-free,oocsp_racks_030_f7_cc,12000.0
MZN/CPLEX-free,oocsp_racks_030_f7_cc,446.613
MZN/Cbc-free,oocsp_racks_030_f7_cc,12000.0
MZN/Gurobi-free,oocsp_racks_030_f7_cc,245.061
MZN/SCIP-free,oocsp_racks_030_f7_cc,1003.303
MinisatID-free,oocsp_racks_030_f7_cc,12000.0
Mistral-free,oocsp_racks_030_f7_cc,12000.0
OR-Tools-free,oocsp_racks_030_f7_cc,12000.0
Picat-CP-fd,oocsp_racks_030_f7_cc,12000.0
Picat-SAT-free,oocsp_racks_030_f7_cc,12000.0
SICStus-Prolog-fd,oocsp_racks_030_f7_cc,12000.0
iZplus-free,oocsp_racks_030_f7_cc,12000.0
Choco-free,oocsp_racks_030_ea4_cc,12000.0
Chuffed-free,oocsp_racks_030_ea4_cc,12000.0
Concrete-free,oocsp_racks_030_ea4_cc,12000.0
G12FD-free,oocsp_racks_030_ea4_cc,12000.0
Gecode-free,oocsp_racks_030_ea4_cc,12000.0
HaifaCSP-free,oocsp_racks_030_ea4_cc,12000.0
JaCoP-fd,oocsp_racks_030_ea4_cc,12000.0
LCG-Glucose-UC-free,oocsp_racks_030_ea4_cc,12000.0
LCG-Glucose-free,oocsp_racks_030_ea4_cc,12000.0
MZN/CPLEX-free,oocsp_racks_030_ea4_cc,12000.0
MZN/Cbc-free,oocsp_racks_030_ea4_cc,12000.0
MZN/Gurobi-free,oocsp_racks_030_ea4_cc,12000.0
MZN/SCIP-free,oocsp_racks_030_ea4_cc,12000.0
MinisatID-free,oocsp_racks_030_ea4_cc,12000.0
Mistral-free,oocsp_racks_030_ea4_cc,12000.0
OR-Tools-free,oocsp_racks_030_ea4_cc,12000.0
Picat-CP-fd,oocsp_racks_030_ea4_cc,12000.0
Picat-SAT-free,oocsp_racks_030_ea4_cc,12000.0
SICStus-Prolog-fd,oocsp_racks_030_ea4_cc,12000.0
iZplus-free,oocsp_racks_030_ea4_cc,12000.0
Choco-free,oocsp_racks_030_mii8,68.657
Chuffed-free,oocsp_racks_030_mii8,3.733
Concrete-free,oocsp_racks_030_mii8,12000.0
G12FD-free,oocsp_racks_030_mii8,380.343
Gecode-free,oocsp_racks_030_mii8,102.637
HaifaCSP-free,oocsp_racks_030_mii8,2.962
JaCoP-fd,oocsp_racks_030_mii8,157.763
LCG-Glucose-UC-free,oocsp_racks_030_mii8,1.331
LCG-Glucose-free,oocsp_racks_030_mii8,1.336
MZN/CPLEX-free,oocsp_racks_030_mii8,1.951
MZN/Cbc-free,oocsp_racks_030_mii8,2.439
MZN/Gurobi-free,oocsp_racks_030_mii8,1.682
MZN/SCIP-free,oocsp_racks_030_mii8,8.172
MinisatID-free,oocsp_racks_030_mii8,93.018
Mistral-free,oocsp_racks_030_mii8,326.17400000000004
OR-Tools-free,oocsp_racks_030_mii8,29.643
Picat-CP-fd,oocsp_racks_030_mii8,285.196
Picat-SAT-free,oocsp_racks_030_mii8,2.935
SICStus-Prolog-fd,oocsp_racks_030_mii8,152.416
iZplus-free,oocsp_racks_030_mii8,12000.0
Choco-free,oocsp_racks_100_r1,12000.0
Chuffed-free,oocsp_racks_100_r1,12000.0
Concrete-free,oocsp_racks_100_r1,12000.0
G12FD-free,oocsp_racks_100_r1,12000.0
Gecode-free,oocsp_racks_100_r1,12000.0
HaifaCSP-free,oocsp_racks_100_r1,12000.0
JaCoP-fd,oocsp_racks_100_r1,12000.0
LCG-Glucose-UC-free,oocsp_racks_100_r1,12000.0
LCG-Glucose-free,oocsp_racks_100_r1,12000.0
MZN/CPLEX-free,oocsp_racks_100_r1,12000.0
MZN/Cbc-free,oocsp_racks_100_r1,12000.0
MZN/Gurobi-free,oocsp_racks_100_r1,12000.0
MZN/SCIP-free,oocsp_racks_100_r1,12000.0
MinisatID-free,oocsp_racks_100_r1,12000.0
Mistral-free,oocsp_racks_100_r1,12000.0
OR-Tools-free,oocsp_racks_100_r1,12000.0
Picat-CP-fd,oocsp_racks_100_r1,12000.0
Picat-SAT-free,oocsp_racks_100_r1,12000.0
SICStus-Prolog-fd,oocsp_racks_100_r1,12000.0
iZplus-free,oocsp_racks_100_r1,12000.0
Choco-free,UD5-gbac,12000.0
Chuffed-free,UD5-gbac,12000.0
Concrete-free,UD5-gbac,12000.0
G12FD-free,UD5-gbac,12000.0
Gecode-free,UD5-gbac,12000.0
HaifaCSP-free,UD5-gbac,12000.0
JaCoP-fd,UD5-gbac,12000.0
LCG-Glucose-UC-free,UD5-gbac,12000.0
LCG-Glucose-free,UD5-gbac,12000.0
MZN/CPLEX-free,UD5-gbac,12000.0
MZN/Cbc-free,UD5-gbac,12000.0
MZN/Gurobi-free,UD5-gbac,12000.0
MZN/SCIP-free,UD5-gbac,12000.0
MinisatID-free,UD5-gbac,12000.0
Mistral-free,UD5-gbac,12000.0
OR-Tools-free,UD5-gbac,12000.0
Picat-CP-fd,UD5-gbac,12000.0
Picat-SAT-free,UD5-gbac,12000.0
SICStus-Prolog-fd,UD5-gbac,12000.0
iZplus-free,UD5-gbac,12000.0
Choco-free,UD3-gbac,12000.0
Chuffed-free,UD3-gbac,12000.0
Concrete-free,UD3-gbac,12000.0
G12FD-free,UD3-gbac,12000.0
Gecode-free,UD3-gbac,12000.0
HaifaCSP-free,UD3-gbac,12000.0
JaCoP-fd,UD3-gbac,12000.0
LCG-Glucose-UC-free,UD3-gbac,12000.0
LCG-Glucose-free,UD3-gbac,12000.0
MZN/CPLEX-free,UD3-gbac,12000.0
MZN/Cbc-free,UD3-gbac,12000.0
MZN/Gurobi-free,UD3-gbac,12000.0
MZN/SCIP-free,UD3-gbac,12000.0
MinisatID-free,UD3-gbac,12000.0
Mistral-free,UD3-gbac,12000.0
OR-Tools-free,UD3-gbac,12000.0
Picat-CP-fd,UD3-gbac,12000.0
Picat-SAT-free,UD3-gbac,12000.0
SICStus-Prolog-fd,UD3-gbac,12000.0
iZplus-free,UD3-gbac,12000.0
Choco-free,reduced_UD10-gbac,12000.0
Chuffed-free,reduced_UD10-gbac,12000.0
Concrete-free,reduced_UD10-gbac,12000.0
G12FD-free,reduced_UD10-gbac,12000.0
Gecode-free,reduced_UD10-gbac,12000.0
HaifaCSP-free,reduced_UD10-gbac,12000.0
JaCoP-fd,reduced_UD10-gbac,12000.0
LCG-Glucose-UC-free,reduced_UD10-gbac,12000.0
LCG-Glucose-free,reduced_UD10-gbac,12000.0
MZN/CPLEX-free,reduced_UD10-gbac,12000.0
MZN/Cbc-free,reduced_UD10-gbac,12000.0
MZN/Gurobi-free,reduced_UD10-gbac,12000.0
MZN/SCIP-free,reduced_UD10-gbac,12000.0
MinisatID-free,reduced_UD10-gbac,12000.0
Mistral-free,reduced_UD10-gbac,12000.0
OR-Tools-free,reduced_UD10-gbac,12000.0
Picat-CP-fd,reduced_UD10-gbac,12000.0
Picat-SAT-free,reduced_UD10-gbac,12000.0
SICStus-Prolog-fd,reduced_UD10-gbac,12000.0
iZplus-free,reduced_UD10-gbac,12000.0
Choco-free,reduced_UD3-gbac,100.837
Chuffed-free,reduced_UD3-gbac,5.023
Concrete-free,reduced_UD3-gbac,12000.0
G12FD-free,reduced_UD3-gbac,666.714
Gecode-free,reduced_UD3-gbac,62.884
HaifaCSP-free,reduced_UD3-gbac,57.297000000000004
JaCoP-fd,reduced_UD3-gbac,112.849
LCG-Glucose-UC-free,reduced_UD3-gbac,9.289
LCG-Glucose-free,reduced_UD3-gbac,1.002
MZN/CPLEX-free,reduced_UD3-gbac,309.115
MZN/Cbc-free,reduced_UD3-gbac,12000.0
MZN/Gurobi-free,reduced_UD3-gbac,257.371
MZN/SCIP-free,reduced_UD3-gbac,400.789
MinisatID-free,reduced_UD3-gbac,12.83
Mistral-free,reduced_UD3-gbac,46.932
OR-Tools-free,reduced_UD3-gbac,65.413
Picat-CP-fd,reduced_UD3-gbac,264.04
Picat-SAT-free,reduced_UD3-gbac,13.796000000000001
SICStus-Prolog-fd,reduced_UD3-gbac,111.881
iZplus-free,reduced_UD3-gbac,12000.0
Choco-free,reduced_UD6-gbac,23.97
Chuffed-free,reduced_UD6-gbac,0.248
Concrete-free,reduced_UD6-gbac,12000.0
G12FD-free,reduced_UD6-gbac,10.135
Gecode-free,reduced_UD6-gbac,560.442
HaifaCSP-free,reduced_UD6-gbac,2.681
JaCoP-fd,reduced_UD6-gbac,341.457
LCG-Glucose-UC-free,reduced_UD6-gbac,0.41500000000000004
LCG-Glucose-free,reduced_UD6-gbac,0.353
MZN/CPLEX-free,reduced_UD6-gbac,6.305
MZN/Cbc-free,reduced_UD6-gbac,83.049
MZN/Gurobi-free,reduced_UD6-gbac,6.8580000000000005
MZN/SCIP-free,reduced_UD6-gbac,40.589
MinisatID-free,reduced_UD6-gbac,5.859
Mistral-free,reduced_UD6-gbac,6.079
OR-Tools-free,reduced_UD6-gbac,235.525
Picat-CP-fd,reduced_UD6-gbac,12000.0
Picat-SAT-free,reduced_UD6-gbac,3.56
SICStus-Prolog-fd,reduced_UD6-gbac,290.194
iZplus-free,reduced_UD6-gbac,9.999
Choco-free,plusexample_6,113.325
Chuffed-free,plusexample_6,0.20600000000000002
Concrete-free,plusexample_6,12000.0
G12FD-free,plusexample_6,121.74600000000001
Gecode-free,plusexample_6,440.218
HaifaCSP-free,plusexample_6,1.907
JaCoP-fd,plusexample_6,302.646
LCG-Glucose-UC-free,plusexample_6,0.47200000000000003
LCG-Glucose-free,plusexample_6,0.312
MZN/CPLEX-free,plusexample_6,6.376
MZN/Cbc-free,plusexample_6,29.874000000000002
MZN/Gurobi-free,plusexample_6,4.577
MZN/SCIP-free,plusexample_6,34.296
MinisatID-free,plusexample_6,2.973
Mistral-free,plusexample_6,21.292
OR-Tools-free,plusexample_6,192.032
Picat-CP-fd,plusexample_6,12000.0
Picat-SAT-free,plusexample_6,3.017
SICStus-Prolog-fd,plusexample_6,241.499
iZplus-free,plusexample_6,34.362
Choco-free,routing_7,6.7620000000000005
Chuffed-free,routing_7,0.168
Concrete-free,routing_7,12000.0
G12FD-free,routing_7,5.984
Gecode-free,routing_7,26.978
HaifaCSP-free,routing_7,1.498
JaCoP-fd,routing_7,15.671000000000001
LCG-Glucose-UC-free,routing_7,0.422
LCG-Glucose-free,routing_7,0.252
MZN/CPLEX-free,routing_7,4.854
MZN/Cbc-free,routing_7,38.577
MZN/Gurobi-free,routing_7,7.089
MZN/SCIP-free,routing_7,5.007
MinisatID-free,routing_7,3.406
Mistral-free,routing_7,5.309
OR-Tools-free,routing_7,10.768
Picat-CP-fd,routing_7,104.388
Picat-SAT-free,routing_7,2.906
SICStus-Prolog-fd,routing_7,14.589
iZplus-free,routing_7,125.56
Choco-free,pizza_8_3,21.365000000000002
Chuffed-free,pizza_8_3,0.176
Concrete-free,pizza_8_3,12000.0
G12FD-free,pizza_8_3,6.94
Gecode-free,pizza_8_3,112.428
HaifaCSP-free,pizza_8_3,1.746
JaCoP-fd,pizza_8_3,66.661
LCG-Glucose-UC-free,pizza_8_3,0.979
LCG-Glucose-free,pizza_8_3,0.34
MZN/CPLEX-free,pizza_8_3,6.828
MZN/Cbc-free,pizza_8_3,795.523
MZN/Gurobi-free,pizza_8_3,11.771
MZN/SCIP-free,pizza_8_3,63.574
MinisatID-free,pizza_8_3,6.4750000000000005
Mistral-free,pizza_8_3,11.582
OR-Tools-free,pizza_8_3,42.975
Picat-CP-fd,pizza_8_3,576.957
Picat-SAT-free,pizza_8_3,4.667
SICStus-Prolog-fd,pizza_8_3,59.358000000000004
iZplus-free,pizza_8_3,45.97
Choco-free,projplan1_15_15,943.5740000000001
Chuffed-free,projplan1_15_15,0.28300000000000003
Concrete-free,projplan1_15_15,12000.0
G12FD-free,projplan1_15_15,29.627
Gecode-free,projplan1_15_15,12000.0
HaifaCSP-free,projplan1_15_15,1.866
JaCoP-fd,projplan1_15_15,12000.0
LCG-Glucose-UC-free,projplan1_15_15,0.9580000000000001
LCG-Glucose-free,projplan1_15_15,0.582
MZN/CPLEX-free,projplan1_15_15,8.258000000000001
MZN/Cbc-free,projplan1_15_15,452.09000000000003
MZN/Gurobi-free,projplan1_15_15,12.385
MZN/SCIP-free,projplan1_15_15,94.85300000000001
MinisatID-free,projplan1_15_15,12.937
Mistral-free,projplan1_15_15,12.76
OR-Tools-free,projplan1_15_15,12000.0
Picat-CP-fd,projplan1_15_15,12000.0
Picat-SAT-free,projplan1_15_15,5.123
SICStus-Prolog-fd,projplan1_15_15,12000.0
iZplus-free,projplan1_15_15,232.57
Choco-free,binpack_11,277.434
Chuffed-free,binpack_11,9.159
Concrete-free,binpack_11,12000.0
G12FD-free,binpack_11,12000.0
Gecode-free,binpack_11,416.002
HaifaCSP-free,binpack_11,5.779
JaCoP-fd,binpack_11,741.254
LCG-Glucose-UC-free,binpack_11,110.028
LCG-Glucose-free,binpack_11,2.982
MZN/CPLEX-free,binpack_11,12000.0
MZN/Cbc-free,binpack_11,12000.0
MZN/Gurobi-free,binpack_11,38.858000000000004
MZN/SCIP-free,binpack_11,65.607
MinisatID-free,binpack_11,2.5180000000000002
Mistral-free,binpack_11,1.834
OR-Tools-free,binpack_11,416.935
Picat-CP-fd,binpack_11,1078.34
Picat-SAT-free,binpack_11,17.942
SICStus-Prolog-fd,binpack_11,678.476
iZplus-free,binpack_11,12000.0
