test,ctime
2mm,8.938
3mm,9.433
adi,10.198
atax,7.477
bicg,7.133
cholesky,7.224
correlation,8.441
covariance,7.578
doitgen,3.285
durbin,7.975
dynprog,7.404
fdtd-2d,9.422
fdtd-apml,13.433
floyd-warshall,6.977
gemm,7.7219999999999995
gemver,8.497
gesummv,7.019
gramschmidt,9.101
jacobi-1d-imper,7.1290000000000004
jacobi-2d-imper,7.818
lu,7.429
ludcmp,9.265
mvt,7.53
reg_detect,8.517
seidel-2d,7.201
symm,8.207
syr2k,7.776
syrk,7.48
trisolv,6.707
trmm,6.908
================================================================================
variant,test,ctime
0_-O2_1_1_0_0,bicg,0.109
1_-Og_1_1_0_1,bicg,0.074
10_-O1_0_1_1_0,bicg,0.081
11_-Ofast_1_1_1_1,bicg,0.117
12_-O2_1_0_0_1,bicg,0.114
13_-Ofast_1_0_1_0,bicg,0.12
14_-Ofast_1_0_1_1,bicg,0.111
15_-O1_0_0_1_0,bicg,0.092
16_-O2_0_0_0_1,bicg,0.117
17_-O2_0_1_1_1,bicg,0.079
18_-O0_1_1_0_0,bicg,0.072
19_-O0_1_1_1_1,bicg,0.052
2_-Og_0_1_0_0,bicg,0.067
20_-O0_1_1_0_1,bicg,0.072
21_-Og_0_0_0_0,bicg,0.078
22_-O2_1_1_1_0,bicg,0.099
23_-O1_0_1_0_0,bicg,0.07
24_-O1_0_0_0_1,bicg,0.098
25_-O0_0_1_0_0,bicg,0.063
26_-Og_0_1_1_1,bicg,0.078
27_-O0_1_0_0_0,bicg,0.065
28_-O1_0_0_1_1,bicg,0.1
29_-O0_1_1_1_0,bicg,0.058
3_-O0_1_0_1_0,bicg,0.072
30_-O1_1_0_0_0,bicg,0.098
31_-O2_0_1_1_0,bicg,0.091
32_-O0_0_1_0_1,bicg,0.065
33_-O2_1_1_1_1,bicg,0.096
34_-O0_0_0_0_0,bicg,0.054
35_-Ofast_0_1_0_1,bicg,0.103
36_-Og_1_0_1_1,bicg,0.072
37_-Og_1_1_0_0,bicg,0.072
38_-Og_1_0_0_1,bicg,0.061
39_-Ofast_0_0_1_1,bicg,0.111
4_-O2_0_0_0_0,bicg,0.118
40_-O2_1_0_0_0,bicg,0.122
41_-O2_1_1_0_1,bicg,0.101
42_-O1_1_1_1_0,bicg,0.089
43_-O0_0_1_1_0,bicg,0.05
44_-O2_0_1_0_0,bicg,0.115
45_-Og_0_1_0_1,bicg,0.08
46_-Og_1_0_1_0,bicg,0.074
47_-O2_1_0_1_0,bicg,0.099
48_-O1_1_0_1_0,bicg,0.096
49_-Ofast_0_1_0_0,bicg,0.108
5_-Ofast_0_1_1_1,bicg,0.118
50_-Ofast_0_1_1_0,bicg,0.109
51_-Og_1_1_1_1,bicg,0.086
52_-Ofast_1_1_0_0,bicg,0.12
53_-Og_0_0_0_1,bicg,0.087
54_-Og_0_1_1_0,bicg,0.079
55_-O0_0_0_1_0,bicg,0.074
56_-Og_0_0_1_1,bicg,0.072
57_-O0_0_0_0_1,bicg,0.062
58_-O1_0_1_1_1,bicg,0.081
59_-O1_1_1_1_1,bicg,0.09
6_-Ofast_1_0_0_0,bicg,0.114
60_-Ofast_1_1_1_0,bicg,0.122
61_-Og_1_0_0_0,bicg,0.079
62_-Og_0_0_1_0,bicg,0.069
63_-Ofast_0_0_1_0,bicg,0.126
64_-Ofast_0_0_0_1,bicg,0.121
65_-O1_1_1_0_0,bicg,0.094
66_-Ofast_0_0_0_0,bicg,0.115
67_-O0_1_0_1_1,bicg,0.064
68_-O2_0_1_0_1,bicg,0.098
69_-O1_1_1_0_1,bicg,0.078
7_-O0_0_0_1_1,bicg,0.064
70_-O0_0_1_1_1,bicg,0.062
71_-O0_1_0_0_1,bicg,0.059
72_-O2_0_0_1_0,bicg,0.112
73_-O2_0_0_1_1,bicg,0.096
74_-O1_0_1_0_1,bicg,0.068
75_-O1_1_0_0_1,bicg,0.105
76_-O2_1_0_1_1,bicg,0.103
77_-Og_1_1_1_0,bicg,0.071
78_-O1_0_0_0_0,bicg,0.095
79_-O1_1_0_1_1,bicg,0.094
8_-Ofast_1_0_0_1,bicg,0.096
9_-Ofast_1_1_0_1,bicg,0.117
0_-O2_1_1_0_0,gemm,0.09
1_-Og_1_1_0_1,gemm,0.078
10_-O1_0_1_1_0,gemm,0.087
11_-Ofast_1_1_1_1,gemm,0.121
12_-O2_1_0_0_1,gemm,0.157
13_-Ofast_1_0_1_0,gemm,0.135
14_-Ofast_1_0_1_1,gemm,0.129
15_-O1_0_0_1_0,gemm,0.109
16_-O2_0_0_0_1,gemm,0.153
17_-O2_0_1_1_1,gemm,0.083
18_-O0_1_1_0_0,gemm,0.078
19_-O0_1_1_1_1,gemm,0.06
2_-Og_0_1_0_0,gemm,0.077
20_-O0_1_1_0_1,gemm,0.067
21_-Og_0_0_0_0,gemm,0.076
22_-O2_1_1_1_0,gemm,0.106
23_-O1_0_1_0_0,gemm,0.094
24_-O1_0_0_0_1,gemm,0.11
25_-O0_0_1_0_0,gemm,0.047
26_-Og_0_1_1_1,gemm,0.071
27_-O0_1_0_0_0,gemm,0.061
28_-O1_0_0_1_1,gemm,0.105
29_-O0_1_1_1_0,gemm,0.067
3_-O0_1_0_1_0,gemm,0.07
30_-O1_1_0_0_0,gemm,0.124
31_-O2_0_1_1_0,gemm,0.087
32_-O0_0_1_0_1,gemm,0.061
33_-O2_1_1_1_1,gemm,0.092
34_-O0_0_0_0_0,gemm,0.052
35_-Ofast_0_1_0_1,gemm,0.12
36_-Og_1_0_1_1,gemm,0.063
37_-Og_1_1_0_0,gemm,0.07
38_-Og_1_0_0_1,gemm,0.071
39_-Ofast_0_0_1_1,gemm,0.12
4_-O2_0_0_0_0,gemm,0.138
40_-O2_1_0_0_0,gemm,0.142
41_-O2_1_1_0_1,gemm,0.105
42_-O1_1_1_1_0,gemm,0.091
43_-O0_0_1_1_0,gemm,0.069
44_-O2_0_1_0_0,gemm,0.114
45_-Og_0_1_0_1,gemm,0.073
46_-Og_1_0_1_0,gemm,0.076
47_-O2_1_0_1_0,gemm,0.128
48_-O1_1_0_1_0,gemm,0.11
49_-Ofast_0_1_0_0,gemm,0.109
5_-Ofast_0_1_1_1,gemm,0.121
50_-Ofast_0_1_1_0,gemm,0.117
51_-Og_1_1_1_1,gemm,0.071
52_-Ofast_1_1_0_0,gemm,0.126
53_-Og_0_0_0_1,gemm,0.075
54_-Og_0_1_1_0,gemm,0.086
55_-O0_0_0_1_0,gemm,0.052
56_-Og_0_0_1_1,gemm,0.081
57_-O0_0_0_0_1,gemm,0.052
58_-O1_0_1_1_1,gemm,0.088
59_-O1_1_1_1_1,gemm,0.078
6_-Ofast_1_0_0_0,gemm,0.14
60_-Ofast_1_1_1_0,gemm,0.12
61_-Og_1_0_0_0,gemm,0.087
62_-Og_0_0_1_0,gemm,0.076
63_-Ofast_0_0_1_0,gemm,0.139
64_-Ofast_0_0_0_1,gemm,0.138
65_-O1_1_1_0_0,gemm,0.075
66_-Ofast_0_0_0_0,gemm,0.134
67_-O0_1_0_1_1,gemm,0.071
68_-O2_0_1_0_1,gemm,0.107
69_-O1_1_1_0_1,gemm,0.087
7_-O0_0_0_1_1,gemm,0.054
70_-O0_0_1_1_1,gemm,0.064
71_-O0_1_0_0_1,gemm,0.071
72_-O2_0_0_1_0,gemm,0.135
73_-O2_0_0_1_1,gemm,0.125
74_-O1_0_1_0_1,gemm,0.08
75_-O1_1_0_0_1,gemm,0.123
76_-O2_1_0_1_1,gemm,0.124
77_-Og_1_1_1_0,gemm,0.08
78_-O1_0_0_0_0,gemm,0.116
79_-O1_1_0_1_1,gemm,0.11
8_-Ofast_1_0_0_1,gemm,0.151
9_-Ofast_1_1_0_1,gemm,0.122
0_-O2_1_1_0_0,3mm,0.134
1_-Og_1_1_0_1,3mm,0.081
10_-O1_0_1_1_0,3mm,0.105
11_-Ofast_1_1_1_1,3mm,0.139
12_-O2_1_0_0_1,3mm,0.192
13_-Ofast_1_0_1_0,3mm,0.17
14_-Ofast_1_0_1_1,3mm,0.166
15_-O1_0_0_1_0,3mm,0.141
16_-O2_0_0_0_1,3mm,0.182
17_-O2_0_1_1_1,3mm,0.125
18_-O0_1_1_0_0,3mm,0.063
19_-O0_1_1_1_1,3mm,0.069
2_-Og_0_1_0_0,3mm,0.095
20_-O0_1_1_0_1,3mm,0.072
21_-Og_0_0_0_0,3mm,0.089
22_-O2_1_1_1_0,3mm,0.12
23_-O1_0_1_0_0,3mm,0.101
24_-O1_0_0_0_1,3mm,0.153
25_-O0_0_1_0_0,3mm,0.073
26_-Og_0_1_1_1,3mm,0.08
27_-O0_1_0_0_0,3mm,0.073
28_-O1_0_0_1_1,3mm,0.135
29_-O0_1_1_1_0,3mm,0.061
3_-O0_1_0_1_0,3mm,0.072
30_-O1_1_0_0_0,3mm,0.158
31_-O2_0_1_1_0,3mm,0.123
32_-O0_0_1_0_1,3mm,0.071
33_-O2_1_1_1_1,3mm,0.121
34_-O0_0_0_0_0,3mm,0.076
35_-Ofast_0_1_0_1,3mm,0.15
36_-Og_1_0_1_1,3mm,0.083
37_-Og_1_1_0_0,3mm,0.093
38_-Og_1_0_0_1,3mm,0.082
39_-Ofast_0_0_1_1,3mm,0.166
4_-O2_0_0_0_0,3mm,0.195
40_-O2_1_0_0_0,3mm,0.182
41_-O2_1_1_0_1,3mm,0.128
42_-O1_1_1_1_0,3mm,0.097
43_-O0_0_1_1_0,3mm,0.061
44_-O2_0_1_0_0,3mm,0.12
45_-Og_0_1_0_1,3mm,0.084
46_-Og_1_0_1_0,3mm,0.079
47_-O2_1_0_1_0,3mm,0.171
48_-O1_1_0_1_0,3mm,0.144
49_-Ofast_0_1_0_0,3mm,0.151
5_-Ofast_0_1_1_1,3mm,0.128
50_-Ofast_0_1_1_0,3mm,0.139
51_-Og_1_1_1_1,3mm,0.087
52_-Ofast_1_1_0_0,3mm,0.15
53_-Og_0_0_0_1,3mm,0.085
54_-Og_0_1_1_0,3mm,0.086
55_-O0_0_0_1_0,3mm,0.069
56_-Og_0_0_1_1,3mm,0.091
57_-O0_0_0_0_1,3mm,0.069
58_-O1_0_1_1_1,3mm,0.103
59_-O1_1_1_1_1,3mm,0.097
6_-Ofast_1_0_0_0,3mm,0.194
60_-Ofast_1_1_1_0,3mm,0.136
61_-Og_1_0_0_0,3mm,0.092
62_-Og_0_0_1_0,3mm,0.083
63_-Ofast_0_0_1_0,3mm,0.151
64_-Ofast_0_0_0_1,3mm,0.182
65_-O1_1_1_0_0,3mm,0.112
66_-Ofast_0_0_0_0,3mm,0.185
67_-O0_1_0_1_1,3mm,0.067
68_-O2_0_1_0_1,3mm,0.13
69_-O1_1_1_0_1,3mm,0.1
7_-O0_0_0_1_1,3mm,0.071
70_-O0_0_1_1_1,3mm,0.075
71_-O0_1_0_0_1,3mm,0.07
72_-O2_0_0_1_0,3mm,0.178
73_-O2_0_0_1_1,3mm,0.167
74_-O1_0_1_0_1,3mm,0.098
75_-O1_1_0_0_1,3mm,0.144
76_-O2_1_0_1_1,3mm,0.165
77_-Og_1_1_1_0,3mm,0.083
78_-O1_0_0_0_0,3mm,0.162
79_-O1_1_0_1_1,3mm,0.138
8_-Ofast_1_0_0_1,3mm,0.184
9_-Ofast_1_1_0_1,3mm,0.136
0_-O2_1_1_0_0,fdtd-apml,0.174
1_-Og_1_1_0_1,fdtd-apml,0.117
10_-O1_0_1_1_0,fdtd-apml,0.138
11_-Ofast_1_1_1_1,fdtd-apml,0.221
12_-O2_1_0_0_1,fdtd-apml,0.257
13_-Ofast_1_0_1_0,fdtd-apml,0.284
14_-Ofast_1_0_1_1,fdtd-apml,0.286
15_-O1_0_0_1_0,fdtd-apml,0.173
16_-O2_0_0_0_1,fdtd-apml,0.261
17_-O2_0_1_1_1,fdtd-apml,0.162
18_-O0_1_1_0_0,fdtd-apml,0.088
19_-O0_1_1_1_1,fdtd-apml,0.079
2_-Og_0_1_0_0,fdtd-apml,0.125
20_-O0_1_1_0_1,fdtd-apml,0.091
21_-Og_0_0_0_0,fdtd-apml,0.12
22_-O2_1_1_1_0,fdtd-apml,0.163
23_-O1_0_1_0_0,fdtd-apml,0.135
24_-O1_0_0_0_1,fdtd-apml,0.198
25_-O0_0_1_0_0,fdtd-apml,0.098
26_-Og_0_1_1_1,fdtd-apml,0.111
27_-O0_1_0_0_0,fdtd-apml,0.106
28_-O1_0_0_1_1,fdtd-apml,0.182
29_-O0_1_1_1_0,fdtd-apml,0.07
3_-O0_1_0_1_0,fdtd-apml,0.077
30_-O1_1_0_0_0,fdtd-apml,0.2
31_-O2_0_1_1_0,fdtd-apml,0.169
32_-O0_0_1_0_1,fdtd-apml,0.087
33_-O2_1_1_1_1,fdtd-apml,0.17
34_-O0_0_0_0_0,fdtd-apml,0.088
35_-Ofast_0_1_0_1,fdtd-apml,0.244
36_-Og_1_0_1_1,fdtd-apml,0.114
37_-Og_1_1_0_0,fdtd-apml,0.128
38_-Og_1_0_0_1,fdtd-apml,0.115
39_-Ofast_0_0_1_1,fdtd-apml,0.286
4_-O2_0_0_0_0,fdtd-apml,0.231
40_-O2_1_0_0_0,fdtd-apml,0.274
41_-O2_1_1_0_1,fdtd-apml,0.183
42_-O1_1_1_1_0,fdtd-apml,0.144
43_-O0_0_1_1_0,fdtd-apml,0.081
44_-O2_0_1_0_0,fdtd-apml,0.194
45_-Og_0_1_0_1,fdtd-apml,0.115
46_-Og_1_0_1_0,fdtd-apml,0.116
47_-O2_1_0_1_0,fdtd-apml,0.213
48_-O1_1_0_1_0,fdtd-apml,0.162
49_-Ofast_0_1_0_0,fdtd-apml,0.249
5_-Ofast_0_1_1_1,fdtd-apml,0.204
50_-Ofast_0_1_1_0,fdtd-apml,0.207
51_-Og_1_1_1_1,fdtd-apml,0.107
52_-Ofast_1_1_0_0,fdtd-apml,0.243
53_-Og_0_0_0_1,fdtd-apml,0.112
54_-Og_0_1_1_0,fdtd-apml,0.087
55_-O0_0_0_1_0,fdtd-apml,0.089
56_-Og_0_0_1_1,fdtd-apml,0.109
57_-O0_0_0_0_1,fdtd-apml,0.082
58_-O1_0_1_1_1,fdtd-apml,0.143
59_-O1_1_1_1_1,fdtd-apml,0.137
6_-Ofast_1_0_0_0,fdtd-apml,0.346
60_-Ofast_1_1_1_0,fdtd-apml,0.226
61_-Og_1_0_0_0,fdtd-apml,0.115
62_-Og_0_0_1_0,fdtd-apml,0.114
63_-Ofast_0_0_1_0,fdtd-apml,0.258
64_-Ofast_0_0_0_1,fdtd-apml,0.356
65_-O1_1_1_0_0,fdtd-apml,0.143
66_-Ofast_0_0_0_0,fdtd-apml,0.34
67_-O0_1_0_1_1,fdtd-apml,0.087
68_-O2_0_1_0_1,fdtd-apml,0.177
69_-O1_1_1_0_1,fdtd-apml,0.145
7_-O0_0_0_1_1,fdtd-apml,0.09
70_-O0_0_1_1_1,fdtd-apml,0.085
71_-O0_1_0_0_1,fdtd-apml,0.094
72_-O2_0_0_1_0,fdtd-apml,0.222
73_-O2_0_0_1_1,fdtd-apml,0.21
74_-O1_0_1_0_1,fdtd-apml,0.152
75_-O1_1_0_0_1,fdtd-apml,0.196
76_-O2_1_0_1_1,fdtd-apml,0.217
77_-Og_1_1_1_0,fdtd-apml,0.117
78_-O1_0_0_0_0,fdtd-apml,0.191
79_-O1_1_0_1_1,fdtd-apml,0.177
8_-Ofast_1_0_0_1,fdtd-apml,0.323
9_-Ofast_1_1_0_1,fdtd-apml,0.253
0_-O2_1_1_0_0,syrk,0.101
1_-Og_1_1_0_1,syrk,0.073
10_-O1_0_1_1_0,syrk,0.082
11_-Ofast_1_1_1_1,syrk,0.105
12_-O2_1_0_0_1,syrk,0.14
13_-Ofast_1_0_1_0,syrk,0.136
14_-Ofast_1_0_1_1,syrk,0.129
15_-O1_0_0_1_0,syrk,0.093
16_-O2_0_0_0_1,syrk,0.134
17_-O2_0_1_1_1,syrk,0.097
18_-O0_1_1_0_0,syrk,0.062
19_-O0_1_1_1_1,syrk,0.071
2_-Og_0_1_0_0,syrk,0.084
20_-O0_1_1_0_1,syrk,0.054
21_-Og_0_0_0_0,syrk,0.076
22_-O2_1_1_1_0,syrk,0.092
23_-O1_0_1_0_0,syrk,0.086
24_-O1_0_0_0_1,syrk,0.106
25_-O0_0_1_0_0,syrk,0.057
26_-Og_0_1_1_1,syrk,0.072
27_-O0_1_0_0_0,syrk,0.071
28_-O1_0_0_1_1,syrk,0.113
29_-O0_1_1_1_0,syrk,0.06
3_-O0_1_0_1_0,syrk,0.069
30_-O1_1_0_0_0,syrk,0.109
31_-O2_0_1_1_0,syrk,0.103
32_-O0_0_1_0_1,syrk,0.057
33_-O2_1_1_1_1,syrk,0.087
34_-O0_0_0_0_0,syrk,0.054
35_-Ofast_0_1_0_1,syrk,0.11
36_-Og_1_0_1_1,syrk,0.082
37_-Og_1_1_0_0,syrk,0.082
38_-Og_1_0_0_1,syrk,0.082
39_-Ofast_0_0_1_1,syrk,0.134
4_-O2_0_0_0_0,syrk,0.138
40_-O2_1_0_0_0,syrk,0.133
41_-O2_1_1_0_1,syrk,0.105
42_-O1_1_1_1_0,syrk,0.093
43_-O0_0_1_1_0,syrk,0.05
44_-O2_0_1_0_0,syrk,0.088
45_-Og_0_1_0_1,syrk,0.07
46_-Og_1_0_1_0,syrk,0.082
47_-O2_1_0_1_0,syrk,0.125
48_-O1_1_0_1_0,syrk,0.094
49_-Ofast_0_1_0_0,syrk,0.117
5_-Ofast_0_1_1_1,syrk,0.101
50_-Ofast_0_1_1_0,syrk,0.105
51_-Og_1_1_1_1,syrk,0.066
52_-Ofast_1_1_0_0,syrk,0.121
53_-Og_0_0_0_1,syrk,0.073
54_-Og_0_1_1_0,syrk,0.069
55_-O0_0_0_1_0,syrk,0.064
56_-Og_0_0_1_1,syrk,0.062
57_-O0_0_0_0_1,syrk,0.058
58_-O1_0_1_1_1,syrk,0.086
59_-O1_1_1_1_1,syrk,0.082
6_-Ofast_1_0_0_0,syrk,0.148
60_-Ofast_1_1_1_0,syrk,0.121
61_-Og_1_0_0_0,syrk,0.073
62_-Og_0_0_1_0,syrk,0.074
63_-Ofast_0_0_1_0,syrk,0.129
64_-Ofast_0_0_0_1,syrk,0.126
65_-O1_1_1_0_0,syrk,0.087
66_-Ofast_0_0_0_0,syrk,0.147
67_-O0_1_0_1_1,syrk,0.06
68_-O2_0_1_0_1,syrk,0.103
69_-O1_1_1_0_1,syrk,0.087
7_-O0_0_0_1_1,syrk,0.053
70_-O0_0_1_1_1,syrk,0.058
71_-O0_1_0_0_1,syrk,0.066
72_-O2_0_0_1_0,syrk,0.138
73_-O2_0_0_1_1,syrk,0.141
74_-O1_0_1_0_1,syrk,0.087
75_-O1_1_0_0_1,syrk,0.084
76_-O2_1_0_1_1,syrk,0.125
77_-Og_1_1_1_0,syrk,0.075
78_-O1_0_0_0_0,syrk,0.098
79_-O1_1_0_1_1,syrk,0.097
8_-Ofast_1_0_0_1,syrk,0.138
9_-Ofast_1_1_0_1,syrk,0.12
0_-O2_1_1_0_0,gemver,0.118
1_-Og_1_1_0_1,gemver,0.087
10_-O1_0_1_1_0,gemver,0.091
11_-Ofast_1_1_1_1,gemver,0.132
12_-O2_1_0_0_1,gemver,0.149
13_-Ofast_1_0_1_0,gemver,0.159
14_-Ofast_1_0_1_1,gemver,0.161
15_-O1_0_0_1_0,gemver,0.114
16_-O2_0_0_0_1,gemver,0.157
17_-O2_0_1_1_1,gemver,0.106
18_-O0_1_1_0_0,gemver,0.065
19_-O0_1_1_1_1,gemver,0.067
2_-Og_0_1_0_0,gemver,0.071
20_-O0_1_1_0_1,gemver,0.059
21_-Og_0_0_0_0,gemver,0.081
22_-O2_1_1_1_0,gemver,0.103
23_-O1_0_1_0_0,gemver,0.087
24_-O1_0_0_0_1,gemver,0.135
25_-O0_0_1_0_0,gemver,0.065
26_-Og_0_1_1_1,gemver,0.077
27_-O0_1_0_0_0,gemver,0.072
28_-O1_0_0_1_1,gemver,0.116
29_-O0_1_1_1_0,gemver,0.068
3_-O0_1_0_1_0,gemver,0.078
30_-O1_1_0_0_0,gemver,0.122
31_-O2_0_1_1_0,gemver,0.099
32_-O0_0_1_0_1,gemver,0.064
33_-O2_1_1_1_1,gemver,0.108
34_-O0_0_0_0_0,gemver,0.068
35_-Ofast_0_1_0_1,gemver,0.132
36_-Og_1_0_1_1,gemver,0.077
37_-Og_1_1_0_0,gemver,0.073
38_-Og_1_0_0_1,gemver,0.079
39_-Ofast_0_0_1_1,gemver,0.16
4_-O2_0_0_0_0,gemver,0.149
40_-O2_1_0_0_0,gemver,0.159
41_-O2_1_1_0_1,gemver,0.113
42_-O1_1_1_1_0,gemver,0.092
43_-O0_0_1_1_0,gemver,0.062
44_-O2_0_1_0_0,gemver,0.11
45_-Og_0_1_0_1,gemver,0.075
46_-Og_1_0_1_0,gemver,0.068
47_-O2_1_0_1_0,gemver,0.132
48_-O1_1_0_1_0,gemver,0.115
49_-Ofast_0_1_0_0,gemver,0.141
5_-Ofast_0_1_1_1,gemver,0.135
50_-Ofast_0_1_1_0,gemver,0.136
51_-Og_1_1_1_1,gemver,0.078
52_-Ofast_1_1_0_0,gemver,0.135
53_-Og_0_0_0_1,gemver,0.081
54_-Og_0_1_1_0,gemver,0.078
55_-O0_0_0_1_0,gemver,0.068
56_-Og_0_0_1_1,gemver,0.084
57_-O0_0_0_0_1,gemver,0.072
58_-O1_0_1_1_1,gemver,0.082
59_-O1_1_1_1_1,gemver,0.096
6_-Ofast_1_0_0_0,gemver,0.18
60_-Ofast_1_1_1_0,gemver,0.145
61_-Og_1_0_0_0,gemver,0.09
62_-Og_0_0_1_0,gemver,0.071
63_-Ofast_0_0_1_0,gemver,0.167
64_-Ofast_0_0_0_1,gemver,0.19
65_-O1_1_1_0_0,gemver,0.093
66_-Ofast_0_0_0_0,gemver,0.175
67_-O0_1_0_1_1,gemver,0.059
68_-O2_0_1_0_1,gemver,0.12
69_-O1_1_1_0_1,gemver,0.093
7_-O0_0_0_1_1,gemver,0.065
70_-O0_0_1_1_1,gemver,0.068
71_-O0_1_0_0_1,gemver,0.056
72_-O2_0_0_1_0,gemver,0.136
73_-O2_0_0_1_1,gemver,0.137
74_-O1_0_1_0_1,gemver,0.092
75_-O1_1_0_0_1,gemver,0.131
76_-O2_1_0_1_1,gemver,0.127
77_-Og_1_1_1_0,gemver,0.082
78_-O1_0_0_0_0,gemver,0.123
79_-O1_1_0_1_1,gemver,0.121
8_-Ofast_1_0_0_1,gemver,0.178
9_-Ofast_1_1_0_1,gemver,0.137
0_-O2_1_1_0_0,fdtd-2d,0.122
1_-Og_1_1_0_1,fdtd-2d,0.085
10_-O1_0_1_1_0,fdtd-2d,0.097
11_-Ofast_1_1_1_1,fdtd-2d,0.139
12_-O2_1_0_0_1,fdtd-2d,0.148
13_-Ofast_1_0_1_0,fdtd-2d,0.198
14_-Ofast_1_0_1_1,fdtd-2d,0.224
15_-O1_0_0_1_0,fdtd-2d,0.124
16_-O2_0_0_0_1,fdtd-2d,0.155
17_-O2_0_1_1_1,fdtd-2d,0.11
18_-O0_1_1_0_0,fdtd-2d,0.064
19_-O0_1_1_1_1,fdtd-2d,0.067
2_-Og_0_1_0_0,fdtd-2d,0.081
20_-O0_1_1_0_1,fdtd-2d,0.073
21_-Og_0_0_0_0,fdtd-2d,0.088
22_-O2_1_1_1_0,fdtd-2d,0.118
23_-O1_0_1_0_0,fdtd-2d,0.096
24_-O1_0_0_0_1,fdtd-2d,0.135
25_-O0_0_1_0_0,fdtd-2d,0.066
26_-Og_0_1_1_1,fdtd-2d,0.08
27_-O0_1_0_0_0,fdtd-2d,0.066
28_-O1_0_0_1_1,fdtd-2d,0.122
29_-O0_1_1_1_0,fdtd-2d,0.05
3_-O0_1_0_1_0,fdtd-2d,0.067
30_-O1_1_0_0_0,fdtd-2d,0.148
31_-O2_0_1_1_0,fdtd-2d,0.113
32_-O0_0_1_0_1,fdtd-2d,0.065
33_-O2_1_1_1_1,fdtd-2d,0.106
34_-O0_0_0_0_0,fdtd-2d,0.072
35_-Ofast_0_1_0_1,fdtd-2d,0.156
36_-Og_1_0_1_1,fdtd-2d,0.073
37_-Og_1_1_0_0,fdtd-2d,0.082
38_-Og_1_0_0_1,fdtd-2d,0.086
39_-Ofast_0_0_1_1,fdtd-2d,0.192
4_-O2_0_0_0_0,fdtd-2d,0.163
40_-O2_1_0_0_0,fdtd-2d,0.154
41_-O2_1_1_0_1,fdtd-2d,0.124
42_-O1_1_1_1_0,fdtd-2d,0.104
43_-O0_0_1_1_0,fdtd-2d,0.056
44_-O2_0_1_0_0,fdtd-2d,0.109
45_-Og_0_1_0_1,fdtd-2d,0.09
46_-Og_1_0_1_0,fdtd-2d,0.081
47_-O2_1_0_1_0,fdtd-2d,0.15
48_-O1_1_0_1_0,fdtd-2d,0.115
49_-Ofast_0_1_0_0,fdtd-2d,0.167
5_-Ofast_0_1_1_1,fdtd-2d,0.149
50_-Ofast_0_1_1_0,fdtd-2d,0.144
51_-Og_1_1_1_1,fdtd-2d,0.076
52_-Ofast_1_1_0_0,fdtd-2d,0.163
53_-Og_0_0_0_1,fdtd-2d,0.085
54_-Og_0_1_1_0,fdtd-2d,0.087
55_-O0_0_0_1_0,fdtd-2d,0.076
56_-Og_0_0_1_1,fdtd-2d,0.076
57_-O0_0_0_0_1,fdtd-2d,0.079
58_-O1_0_1_1_1,fdtd-2d,0.097
59_-O1_1_1_1_1,fdtd-2d,0.094
6_-Ofast_1_0_0_0,fdtd-2d,0.27
60_-Ofast_1_1_1_0,fdtd-2d,0.149
61_-Og_1_0_0_0,fdtd-2d,0.079
62_-Og_0_0_1_0,fdtd-2d,0.095
63_-Ofast_0_0_1_0,fdtd-2d,0.221
64_-Ofast_0_0_0_1,fdtd-2d,0.255
65_-O1_1_1_0_0,fdtd-2d,0.097
66_-Ofast_0_0_0_0,fdtd-2d,0.263
67_-O0_1_0_1_1,fdtd-2d,0.052
68_-O2_0_1_0_1,fdtd-2d,0.124
69_-O1_1_1_0_1,fdtd-2d,0.096
7_-O0_0_0_1_1,fdtd-2d,0.067
70_-O0_0_1_1_1,fdtd-2d,0.064
71_-O0_1_0_0_1,fdtd-2d,0.061
72_-O2_0_0_1_0,fdtd-2d,0.146
73_-O2_0_0_1_1,fdtd-2d,0.146
74_-O1_0_1_0_1,fdtd-2d,0.1
75_-O1_1_0_0_1,fdtd-2d,0.146
76_-O2_1_0_1_1,fdtd-2d,0.154
77_-Og_1_1_1_0,fdtd-2d,0.071
78_-O1_0_0_0_0,fdtd-2d,0.137
79_-O1_1_0_1_1,fdtd-2d,0.122
8_-Ofast_1_0_0_1,fdtd-2d,0.234
9_-Ofast_1_1_0_1,fdtd-2d,0.166
0_-O2_1_1_0_0,adi,0.131
1_-Og_1_1_0_1,adi,0.085
10_-O1_0_1_1_0,adi,0.103
11_-Ofast_1_1_1_1,adi,0.17
12_-O2_1_0_0_1,adi,0.165
13_-Ofast_1_0_1_0,adi,0.24
14_-Ofast_1_0_1_1,adi,0.248
15_-O1_0_0_1_0,adi,0.112
16_-O2_0_0_0_1,adi,0.175
17_-O2_0_1_1_1,adi,0.117
18_-O0_1_1_0_0,adi,0.069
19_-O0_1_1_1_1,adi,0.063
2_-Og_0_1_0_0,adi,0.099
20_-O0_1_1_0_1,adi,0.073
21_-Og_0_0_0_0,adi,0.091
22_-O2_1_1_1_0,adi,0.139
23_-O1_0_1_0_0,adi,0.099
24_-O1_0_0_0_1,adi,0.139
25_-O0_0_1_0_0,adi,0.066
26_-Og_0_1_1_1,adi,0.082
27_-O0_1_0_0_0,adi,0.074
28_-O1_0_0_1_1,adi,0.113
29_-O0_1_1_1_0,adi,0.07
3_-O0_1_0_1_0,adi,0.053
30_-O1_1_0_0_0,adi,0.131
31_-O2_0_1_1_0,adi,0.135
32_-O0_0_1_0_1,adi,0.065
33_-O2_1_1_1_1,adi,0.118
34_-O0_0_0_0_0,adi,0.071
35_-Ofast_0_1_0_1,adi,0.179
36_-Og_1_0_1_1,adi,0.083
37_-Og_1_1_0_0,adi,0.093
38_-Og_1_0_0_1,adi,0.083
39_-Ofast_0_0_1_1,adi,0.257
4_-O2_0_0_0_0,adi,0.162
40_-O2_1_0_0_0,adi,0.16
41_-O2_1_1_0_1,adi,0.127
42_-O1_1_1_1_0,adi,0.098
43_-O0_0_1_1_0,adi,0.065
44_-O2_0_1_0_0,adi,0.126
45_-Og_0_1_0_1,adi,0.083
46_-Og_1_0_1_0,adi,0.086
47_-O2_1_0_1_0,adi,0.149
48_-O1_1_0_1_0,adi,0.111
49_-Ofast_0_1_0_0,adi,0.189
5_-Ofast_0_1_1_1,adi,0.17
50_-Ofast_0_1_1_0,adi,0.176
51_-Og_1_1_1_1,adi,0.083
52_-Ofast_1_1_0_0,adi,0.186
53_-Og_0_0_0_1,adi,0.086
54_-Og_0_1_1_0,adi,0.09
55_-O0_0_0_1_0,adi,0.062
56_-Og_0_0_1_1,adi,0.081
57_-O0_0_0_0_1,adi,0.065
58_-O1_0_1_1_1,adi,0.096
59_-O1_1_1_1_1,adi,0.096
6_-Ofast_1_0_0_0,adi,0.316
60_-Ofast_1_1_1_0,adi,0.17
61_-Og_1_0_0_0,adi,0.093
62_-Og_0_0_1_0,adi,0.083
63_-Ofast_0_0_1_0,adi,0.224
64_-Ofast_0_0_0_1,adi,0.288
65_-O1_1_1_0_0,adi,0.107
66_-Ofast_0_0_0_0,adi,0.309
67_-O0_1_0_1_1,adi,0.062
68_-O2_0_1_0_1,adi,0.128
69_-O1_1_1_0_1,adi,0.115
7_-O0_0_0_1_1,adi,0.067
70_-O0_0_1_1_1,adi,0.075
71_-O0_1_0_0_1,adi,0.056
72_-O2_0_0_1_0,adi,0.157
73_-O2_0_0_1_1,adi,0.142
74_-O1_0_1_0_1,adi,0.118
75_-O1_1_0_0_1,adi,0.118
76_-O2_1_0_1_1,adi,0.166
77_-Og_1_1_1_0,adi,0.081
78_-O1_0_0_0_0,adi,0.133
79_-O1_1_0_1_1,adi,0.123
8_-Ofast_1_0_0_1,adi,0.324
9_-Ofast_1_1_0_1,adi,0.205
0_-O2_1_1_0_0,trmm,0.107
1_-Og_1_1_0_1,trmm,0.064
10_-O1_0_1_1_0,trmm,0.085
11_-Ofast_1_1_1_1,trmm,0.095
12_-O2_1_0_0_1,trmm,0.119
13_-Ofast_1_0_1_0,trmm,0.134
14_-Ofast_1_0_1_1,trmm,0.118
15_-O1_0_0_1_0,trmm,0.083
16_-O2_0_0_0_1,trmm,0.112
17_-O2_0_1_1_1,trmm,0.092
18_-O0_1_1_0_0,trmm,0.058
19_-O0_1_1_1_1,trmm,0.065
2_-Og_0_1_0_0,trmm,0.076
20_-O0_1_1_0_1,trmm,0.058
21_-Og_0_0_0_0,trmm,0.072
22_-O2_1_1_1_0,trmm,0.094
23_-O1_0_1_0_0,trmm,0.079
24_-O1_0_0_0_1,trmm,0.092
25_-O0_0_1_0_0,trmm,0.054
26_-Og_0_1_1_1,trmm,0.073
27_-O0_1_0_0_0,trmm,0.063
28_-O1_0_0_1_1,trmm,0.091
29_-O0_1_1_1_0,trmm,0.048
3_-O0_1_0_1_0,trmm,0.053
30_-O1_1_0_0_0,trmm,0.096
31_-O2_0_1_1_0,trmm,0.081
32_-O0_0_1_0_1,trmm,0.059
33_-O2_1_1_1_1,trmm,0.09
34_-O0_0_0_0_0,trmm,0.068
35_-Ofast_0_1_0_1,trmm,0.106
36_-Og_1_0_1_1,trmm,0.072
37_-Og_1_1_0_0,trmm,0.078
38_-Og_1_0_0_1,trmm,0.078
39_-Ofast_0_0_1_1,trmm,0.128
4_-O2_0_0_0_0,trmm,0.13
40_-O2_1_0_0_0,trmm,0.105
41_-O2_1_1_0_1,trmm,0.082
42_-O1_1_1_1_0,trmm,0.075
43_-O0_0_1_1_0,trmm,0.042
44_-O2_0_1_0_0,trmm,0.095
45_-Og_0_1_0_1,trmm,0.067
46_-Og_1_0_1_0,trmm,0.069
47_-O2_1_0_1_0,trmm,0.11
48_-O1_1_0_1_0,trmm,0.084
49_-Ofast_0_1_0_0,trmm,0.107
5_-Ofast_0_1_1_1,trmm,0.106
50_-Ofast_0_1_1_0,trmm,0.098
51_-Og_1_1_1_1,trmm,0.064
52_-Ofast_1_1_0_0,trmm,0.124
53_-Og_0_0_0_1,trmm,0.069
54_-Og_0_1_1_0,trmm,0.064
55_-O0_0_0_1_0,trmm,0.068
56_-Og_0_0_1_1,trmm,0.049
57_-O0_0_0_0_1,trmm,0.056
58_-O1_0_1_1_1,trmm,0.074
59_-O1_1_1_1_1,trmm,0.073
6_-Ofast_1_0_0_0,trmm,0.135
60_-Ofast_1_1_1_0,trmm,0.098
61_-Og_1_0_0_0,trmm,0.076
62_-Og_0_0_1_0,trmm,0.075
63_-Ofast_0_0_1_0,trmm,0.113
64_-Ofast_0_0_0_1,trmm,0.135
65_-O1_1_1_0_0,trmm,0.084
66_-Ofast_0_0_0_0,trmm,0.149
67_-O0_1_0_1_1,trmm,0.071
68_-O2_0_1_0_1,trmm,0.083
69_-O1_1_1_0_1,trmm,0.079
7_-O0_0_0_1_1,trmm,0.061
70_-O0_0_1_1_1,trmm,0.061
71_-O0_1_0_0_1,trmm,0.058
72_-O2_0_0_1_0,trmm,0.108
73_-O2_0_0_1_1,trmm,0.104
74_-O1_0_1_0_1,trmm,0.076
75_-O1_1_0_0_1,trmm,0.088
76_-O2_1_0_1_1,trmm,0.115
77_-Og_1_1_1_0,trmm,0.083
78_-O1_0_0_0_0,trmm,0.098
79_-O1_1_0_1_1,trmm,0.08
8_-Ofast_1_0_0_1,trmm,0.131
9_-Ofast_1_1_0_1,trmm,0.095
0_-O2_1_1_0_0,seidel-2d,0.091
1_-Og_1_1_0_1,seidel-2d,0.069
10_-O1_0_1_1_0,seidel-2d,0.074
11_-Ofast_1_1_1_1,seidel-2d,0.107
12_-O2_1_0_0_1,seidel-2d,0.092
13_-Ofast_1_0_1_0,seidel-2d,0.132
14_-Ofast_1_0_1_1,seidel-2d,0.143
15_-O1_0_0_1_0,seidel-2d,0.088
16_-O2_0_0_0_1,seidel-2d,0.109
17_-O2_0_1_1_1,seidel-2d,0.098
18_-O0_1_1_0_0,seidel-2d,0.07
19_-O0_1_1_1_1,seidel-2d,0.063
2_-Og_0_1_0_0,seidel-2d,0.071
20_-O0_1_1_0_1,seidel-2d,0.062
21_-Og_0_0_0_0,seidel-2d,0.069
22_-O2_1_1_1_0,seidel-2d,0.095
23_-O1_0_1_0_0,seidel-2d,0.09
24_-O1_0_0_0_1,seidel-2d,0.105
25_-O0_0_1_0_0,seidel-2d,0.073
26_-Og_0_1_1_1,seidel-2d,0.077
27_-O0_1_0_0_0,seidel-2d,0.06
28_-O1_0_0_1_1,seidel-2d,0.092
29_-O0_1_1_1_0,seidel-2d,0.063
3_-O0_1_0_1_0,seidel-2d,0.065
30_-O1_1_0_0_0,seidel-2d,0.097
31_-O2_0_1_1_0,seidel-2d,0.099
32_-O0_0_1_0_1,seidel-2d,0.068
33_-O2_1_1_1_1,seidel-2d,0.088
34_-O0_0_0_0_0,seidel-2d,0.064
35_-Ofast_0_1_0_1,seidel-2d,0.123
36_-Og_1_0_1_1,seidel-2d,0.071
37_-Og_1_1_0_0,seidel-2d,0.081
38_-Og_1_0_0_1,seidel-2d,0.058
39_-Ofast_0_0_1_1,seidel-2d,0.124
4_-O2_0_0_0_0,seidel-2d,0.117
40_-O2_1_0_0_0,seidel-2d,0.113
41_-O2_1_1_0_1,seidel-2d,0.097
42_-O1_1_1_1_0,seidel-2d,0.072
43_-O0_0_1_1_0,seidel-2d,0.065
44_-O2_0_1_0_0,seidel-2d,0.091
45_-Og_0_1_0_1,seidel-2d,0.082
46_-Og_1_0_1_0,seidel-2d,0.081
47_-O2_1_0_1_0,seidel-2d,0.108
48_-O1_1_0_1_0,seidel-2d,0.084
49_-Ofast_0_1_0_0,seidel-2d,0.123
5_-Ofast_0_1_1_1,seidel-2d,0.112
50_-Ofast_0_1_1_0,seidel-2d,0.118
51_-Og_1_1_1_1,seidel-2d,0.068
52_-Ofast_1_1_0_0,seidel-2d,0.118
53_-Og_0_0_0_1,seidel-2d,0.067
54_-Og_0_1_1_0,seidel-2d,0.062
55_-O0_0_0_1_0,seidel-2d,0.064
56_-Og_0_0_1_1,seidel-2d,0.068
57_-O0_0_0_0_1,seidel-2d,0.058
58_-O1_0_1_1_1,seidel-2d,0.068
59_-O1_1_1_1_1,seidel-2d,0.083
6_-Ofast_1_0_0_0,seidel-2d,0.157
60_-Ofast_1_1_1_0,seidel-2d,0.095
61_-Og_1_0_0_0,seidel-2d,0.071
62_-Og_0_0_1_0,seidel-2d,0.077
63_-Ofast_0_0_1_0,seidel-2d,0.134
64_-Ofast_0_0_0_1,seidel-2d,0.151
65_-O1_1_1_0_0,seidel-2d,0.088
66_-Ofast_0_0_0_0,seidel-2d,0.149
67_-O0_1_0_1_1,seidel-2d,0.064
68_-O2_0_1_0_1,seidel-2d,0.086
69_-O1_1_1_0_1,seidel-2d,0.078
7_-O0_0_0_1_1,seidel-2d,0.049
70_-O0_0_1_1_1,seidel-2d,0.07
71_-O0_1_0_0_1,seidel-2d,0.062
72_-O2_0_0_1_0,seidel-2d,0.112
73_-O2_0_0_1_1,seidel-2d,0.105
74_-O1_0_1_0_1,seidel-2d,0.077
75_-O1_1_0_0_1,seidel-2d,0.099
76_-O2_1_0_1_1,seidel-2d,0.101
77_-Og_1_1_1_0,seidel-2d,0.079
78_-O1_0_0_0_0,seidel-2d,0.079
79_-O1_1_0_1_1,seidel-2d,0.09
8_-Ofast_1_0_0_1,seidel-2d,0.154
9_-Ofast_1_1_0_1,seidel-2d,0.124
0_-O2_1_1_0_0,gramschmidt,0.12
1_-Og_1_1_0_1,gramschmidt,0.079
10_-O1_0_1_1_0,gramschmidt,0.104
11_-Ofast_1_1_1_1,gramschmidt,0.148
12_-O2_1_0_0_1,gramschmidt,0.142
13_-Ofast_1_0_1_0,gramschmidt,0.2
14_-Ofast_1_0_1_1,gramschmidt,0.2
15_-O1_0_0_1_0,gramschmidt,0.117
16_-O2_0_0_0_1,gramschmidt,0.148
17_-O2_0_1_1_1,gramschmidt,0.121
18_-O0_1_1_0_0,gramschmidt,0.064
19_-O0_1_1_1_1,gramschmidt,0.061
2_-Og_0_1_0_0,gramschmidt,0.093
20_-O0_1_1_0_1,gramschmidt,0.065
21_-Og_0_0_0_0,gramschmidt,0.076
22_-O2_1_1_1_0,gramschmidt,0.126
23_-O1_0_1_0_0,gramschmidt,0.102
24_-O1_0_0_0_1,gramschmidt,0.121
25_-O0_0_1_0_0,gramschmidt,0.059
26_-Og_0_1_1_1,gramschmidt,0.075
27_-O0_1_0_0_0,gramschmidt,0.078
28_-O1_0_0_1_1,gramschmidt,0.105
29_-O0_1_1_1_0,gramschmidt,0.074
3_-O0_1_0_1_0,gramschmidt,0.064
30_-O1_1_0_0_0,gramschmidt,0.132
31_-O2_0_1_1_0,gramschmidt,0.118
32_-O0_0_1_0_1,gramschmidt,0.063
33_-O2_1_1_1_1,gramschmidt,0.12
34_-O0_0_0_0_0,gramschmidt,0.065
35_-Ofast_0_1_0_1,gramschmidt,0.16
36_-Og_1_0_1_1,gramschmidt,0.077
37_-Og_1_1_0_0,gramschmidt,0.084
38_-Og_1_0_0_1,gramschmidt,0.08
39_-Ofast_0_0_1_1,gramschmidt,0.195
4_-O2_0_0_0_0,gramschmidt,0.158
40_-O2_1_0_0_0,gramschmidt,0.147
41_-O2_1_1_0_1,gramschmidt,0.131
42_-O1_1_1_1_0,gramschmidt,0.102
43_-O0_0_1_1_0,gramschmidt,0.064
44_-O2_0_1_0_0,gramschmidt,0.121
45_-Og_0_1_0_1,gramschmidt,0.082
46_-Og_1_0_1_0,gramschmidt,0.062
47_-O2_1_0_1_0,gramschmidt,0.134
48_-O1_1_0_1_0,gramschmidt,0.11
49_-Ofast_0_1_0_0,gramschmidt,0.15
5_-Ofast_0_1_1_1,gramschmidt,0.154
50_-Ofast_0_1_1_0,gramschmidt,0.134
51_-Og_1_1_1_1,gramschmidt,0.085
52_-Ofast_1_1_0_0,gramschmidt,0.139
53_-Og_0_0_0_1,gramschmidt,0.093
54_-Og_0_1_1_0,gramschmidt,0.085
55_-O0_0_0_1_0,gramschmidt,0.068
56_-Og_0_0_1_1,gramschmidt,0.076
57_-O0_0_0_0_1,gramschmidt,0.067
58_-O1_0_1_1_1,gramschmidt,0.098
59_-O1_1_1_1_1,gramschmidt,0.1
6_-Ofast_1_0_0_0,gramschmidt,0.206
60_-Ofast_1_1_1_0,gramschmidt,0.13
61_-Og_1_0_0_0,gramschmidt,0.089
62_-Og_0_0_1_0,gramschmidt,0.089
63_-Ofast_0_0_1_0,gramschmidt,0.195
64_-Ofast_0_0_0_1,gramschmidt,0.212
65_-O1_1_1_0_0,gramschmidt,0.11
66_-Ofast_0_0_0_0,gramschmidt,0.198
67_-O0_1_0_1_1,gramschmidt,0.067
68_-O2_0_1_0_1,gramschmidt,0.138
69_-O1_1_1_0_1,gramschmidt,0.112
7_-O0_0_0_1_1,gramschmidt,0.056
70_-O0_0_1_1_1,gramschmidt,0.072
71_-O0_1_0_0_1,gramschmidt,0.07
72_-O2_0_0_1_0,gramschmidt,0.142
73_-O2_0_0_1_1,gramschmidt,0.146
74_-O1_0_1_0_1,gramschmidt,0.11
75_-O1_1_0_0_1,gramschmidt,0.134
76_-O2_1_0_1_1,gramschmidt,0.144
77_-Og_1_1_1_0,gramschmidt,0.08
78_-O1_0_0_0_0,gramschmidt,0.13
79_-O1_1_0_1_1,gramschmidt,0.11
8_-Ofast_1_0_0_1,gramschmidt,0.209
9_-Ofast_1_1_0_1,gramschmidt,0.156
0_-O2_1_1_0_0,correlation,0.109
1_-Og_1_1_0_1,correlation,0.085
10_-O1_0_1_1_0,correlation,0.106
11_-Ofast_1_1_1_1,correlation,0.127
12_-O2_1_0_0_1,correlation,0.139
13_-Ofast_1_0_1_0,correlation,0.149
14_-Ofast_1_0_1_1,correlation,0.158
15_-O1_0_0_1_0,correlation,0.113
16_-O2_0_0_0_1,correlation,0.149
17_-O2_0_1_1_1,correlation,0.11
18_-O0_1_1_0_0,correlation,0.07
19_-O0_1_1_1_1,correlation,0.061
2_-Og_0_1_0_0,correlation,0.082
20_-O0_1_1_0_1,correlation,0.065
21_-Og_0_0_0_0,correlation,0.086
22_-O2_1_1_1_0,correlation,0.125
23_-O1_0_1_0_0,correlation,0.089
24_-O1_0_0_0_1,correlation,0.124
25_-O0_0_1_0_0,correlation,0.067
26_-Og_0_1_1_1,correlation,0.081
27_-O0_1_0_0_0,correlation,0.062
28_-O1_0_0_1_1,correlation,0.117
29_-O0_1_1_1_0,correlation,0.063
3_-O0_1_0_1_0,correlation,0.064
30_-O1_1_0_0_0,correlation,0.119
31_-O2_0_1_1_0,correlation,0.108
32_-O0_0_1_0_1,correlation,0.07
33_-O2_1_1_1_1,correlation,0.101
34_-O0_0_0_0_0,correlation,0.073
35_-Ofast_0_1_0_1,correlation,0.143
36_-Og_1_0_1_1,correlation,0.08
37_-Og_1_1_0_0,correlation,0.08
38_-Og_1_0_0_1,correlation,0.088
39_-Ofast_0_0_1_1,correlation,0.152
4_-O2_0_0_0_0,correlation,0.147
40_-O2_1_0_0_0,correlation,0.151
41_-O2_1_1_0_1,correlation,0.114
42_-O1_1_1_1_0,correlation,0.094
43_-O0_0_1_1_0,correlation,0.071
44_-O2_0_1_0_0,correlation,0.126
45_-Og_0_1_0_1,correlation,0.085
46_-Og_1_0_1_0,correlation,0.082
47_-O2_1_0_1_0,correlation,0.149
48_-O1_1_0_1_0,correlation,0.108
49_-Ofast_0_1_0_0,correlation,0.129
5_-Ofast_0_1_1_1,correlation,0.134
50_-Ofast_0_1_1_0,correlation,0.128
51_-Og_1_1_1_1,correlation,0.078
52_-Ofast_1_1_0_0,correlation,0.147
53_-Og_0_0_0_1,correlation,0.072
54_-Og_0_1_1_0,correlation,0.077
55_-O0_0_0_1_0,correlation,0.052
56_-Og_0_0_1_1,correlation,0.088
57_-O0_0_0_0_1,correlation,0.064
58_-O1_0_1_1_1,correlation,0.092
59_-O1_1_1_1_1,correlation,0.1
6_-Ofast_1_0_0_0,correlation,0.157
60_-Ofast_1_1_1_0,correlation,0.129
61_-Og_1_0_0_0,correlation,0.092
62_-Og_0_0_1_0,correlation,0.074
63_-Ofast_0_0_1_0,correlation,0.152
64_-Ofast_0_0_0_1,correlation,0.163
65_-O1_1_1_0_0,correlation,0.091
66_-Ofast_0_0_0_0,correlation,0.17
67_-O0_1_0_1_1,correlation,0.058
68_-O2_0_1_0_1,correlation,0.121
69_-O1_1_1_0_1,correlation,0.105
7_-O0_0_0_1_1,correlation,0.057
70_-O0_0_1_1_1,correlation,0.068
71_-O0_1_0_0_1,correlation,0.063
72_-O2_0_0_1_0,correlation,0.134
73_-O2_0_0_1_1,correlation,0.135
74_-O1_0_1_0_1,correlation,0.106
75_-O1_1_0_0_1,correlation,0.127
76_-O2_1_0_1_1,correlation,0.117
77_-Og_1_1_1_0,correlation,0.073
78_-O1_0_0_0_0,correlation,0.125
79_-O1_1_0_1_1,correlation,0.111
8_-Ofast_1_0_0_1,correlation,0.177
9_-Ofast_1_1_0_1,correlation,0.133
0_-O2_1_1_0_0,2mm,0.148
1_-Og_1_1_0_1,2mm,0.083
10_-O1_0_1_1_0,2mm,0.107
11_-Ofast_1_1_1_1,2mm,0.124
12_-O2_1_0_0_1,2mm,0.184
13_-Ofast_1_0_1_0,2mm,0.156
14_-Ofast_1_0_1_1,2mm,0.152
15_-O1_0_0_1_0,2mm,0.118
16_-O2_0_0_0_1,2mm,0.165
17_-O2_0_1_1_1,2mm,0.117
18_-O0_1_1_0_0,2mm,0.066
19_-O0_1_1_1_1,2mm,0.066
2_-Og_0_1_0_0,2mm,0.087
20_-O0_1_1_0_1,2mm,0.052
21_-Og_0_0_0_0,2mm,0.094
22_-O2_1_1_1_0,2mm,0.119
23_-O1_0_1_0_0,2mm,0.1
24_-O1_0_0_0_1,2mm,0.143
25_-O0_0_1_0_0,2mm,0.06
26_-Og_0_1_1_1,2mm,0.078
27_-O0_1_0_0_0,2mm,0.066
28_-O1_0_0_1_1,2mm,0.112
29_-O0_1_1_1_0,2mm,0.07
3_-O0_1_0_1_0,2mm,0.06
30_-O1_1_0_0_0,2mm,0.15
31_-O2_0_1_1_0,2mm,0.116
32_-O0_0_1_0_1,2mm,0.069
33_-O2_1_1_1_1,2mm,0.118
34_-O0_0_0_0_0,2mm,0.062
35_-Ofast_0_1_0_1,2mm,0.142
36_-Og_1_0_1_1,2mm,0.095
37_-Og_1_1_0_0,2mm,0.074
38_-Og_1_0_0_1,2mm,0.083
39_-Ofast_0_0_1_1,2mm,0.147
4_-O2_0_0_0_0,2mm,0.188
40_-O2_1_0_0_0,2mm,0.168
41_-O2_1_1_0_1,2mm,0.121
42_-O1_1_1_1_0,2mm,0.102
43_-O0_0_1_1_0,2mm,0.058
44_-O2_0_1_0_0,2mm,0.118
45_-Og_0_1_0_1,2mm,0.084
46_-Og_1_0_1_0,2mm,0.091
47_-O2_1_0_1_0,2mm,0.149
48_-O1_1_0_1_0,2mm,0.119
49_-Ofast_0_1_0_0,2mm,0.138
5_-Ofast_0_1_1_1,2mm,0.133
50_-Ofast_0_1_1_0,2mm,0.126
51_-Og_1_1_1_1,2mm,0.089
52_-Ofast_1_1_0_0,2mm,0.145
53_-Og_0_0_0_1,2mm,0.084
54_-Og_0_1_1_0,2mm,0.081
55_-O0_0_0_1_0,2mm,0.062
56_-Og_0_0_1_1,2mm,0.085
57_-O0_0_0_0_1,2mm,0.073
58_-O1_0_1_1_1,2mm,0.096
59_-O1_1_1_1_1,2mm,0.096
6_-Ofast_1_0_0_0,2mm,0.169
60_-Ofast_1_1_1_0,2mm,0.146
61_-Og_1_0_0_0,2mm,0.086
62_-Og_0_0_1_0,2mm,0.087
63_-Ofast_0_0_1_0,2mm,0.153
64_-Ofast_0_0_0_1,2mm,0.18
65_-O1_1_1_0_0,2mm,0.112
66_-Ofast_0_0_0_0,2mm,0.163
67_-O0_1_0_1_1,2mm,0.074
68_-O2_0_1_0_1,2mm,0.104
69_-O1_1_1_0_1,2mm,0.102
7_-O0_0_0_1_1,2mm,0.073
70_-O0_0_1_1_1,2mm,0.077
71_-O0_1_0_0_1,2mm,0.059
72_-O2_0_0_1_0,2mm,0.154
73_-O2_0_0_1_1,2mm,0.152
74_-O1_0_1_0_1,2mm,0.102
75_-O1_1_0_0_1,2mm,0.146
76_-O2_1_0_1_1,2mm,0.156
77_-Og_1_1_1_0,2mm,0.09
78_-O1_0_0_0_0,2mm,0.143
79_-O1_1_0_1_1,2mm,0.119
8_-Ofast_1_0_0_1,2mm,0.174
9_-Ofast_1_1_0_1,2mm,0.128
0_-O2_1_1_0_0,jacobi-2d-imper,0.097
1_-Og_1_1_0_1,jacobi-2d-imper,0.068
10_-O1_0_1_1_0,jacobi-2d-imper,0.075
11_-Ofast_1_1_1_1,jacobi-2d-imper,0.131
12_-O2_1_0_0_1,jacobi-2d-imper,0.142
13_-Ofast_1_0_1_0,jacobi-2d-imper,0.161
14_-Ofast_1_0_1_1,jacobi-2d-imper,0.158
15_-O1_0_0_1_0,jacobi-2d-imper,0.105
16_-O2_0_0_0_1,jacobi-2d-imper,0.123
17_-O2_0_1_1_1,jacobi-2d-imper,0.1
18_-O0_1_1_0_0,jacobi-2d-imper,0.055
19_-O0_1_1_1_1,jacobi-2d-imper,0.066
2_-Og_0_1_0_0,jacobi-2d-imper,0.078
20_-O0_1_1_0_1,jacobi-2d-imper,0.059
21_-Og_0_0_0_0,jacobi-2d-imper,0.075
22_-O2_1_1_1_0,jacobi-2d-imper,0.095
23_-O1_0_1_0_0,jacobi-2d-imper,0.07
24_-O1_0_0_0_1,jacobi-2d-imper,0.11
25_-O0_0_1_0_0,jacobi-2d-imper,0.056
26_-Og_0_1_1_1,jacobi-2d-imper,0.076
27_-O0_1_0_0_0,jacobi-2d-imper,0.052
28_-O1_0_0_1_1,jacobi-2d-imper,0.095
29_-O0_1_1_1_0,jacobi-2d-imper,0.074
3_-O0_1_0_1_0,jacobi-2d-imper,0.045
30_-O1_1_0_0_0,jacobi-2d-imper,0.101
31_-O2_0_1_1_0,jacobi-2d-imper,0.096
32_-O0_0_1_0_1,jacobi-2d-imper,0.054
33_-O2_1_1_1_1,jacobi-2d-imper,0.099
34_-O0_0_0_0_0,jacobi-2d-imper,0.07
35_-Ofast_0_1_0_1,jacobi-2d-imper,0.13
36_-Og_1_0_1_1,jacobi-2d-imper,0.072
37_-Og_1_1_0_0,jacobi-2d-imper,0.079
38_-Og_1_0_0_1,jacobi-2d-imper,0.071
39_-Ofast_0_0_1_1,jacobi-2d-imper,0.165
4_-O2_0_0_0_0,jacobi-2d-imper,0.138
40_-O2_1_0_0_0,jacobi-2d-imper,0.134
41_-O2_1_1_0_1,jacobi-2d-imper,0.101
42_-O1_1_1_1_0,jacobi-2d-imper,0.094
43_-O0_0_1_1_0,jacobi-2d-imper,0.056
44_-O2_0_1_0_0,jacobi-2d-imper,0.103
45_-Og_0_1_0_1,jacobi-2d-imper,0.089
46_-Og_1_0_1_0,jacobi-2d-imper,0.07
47_-O2_1_0_1_0,jacobi-2d-imper,0.121
48_-O1_1_0_1_0,jacobi-2d-imper,0.097
49_-Ofast_0_1_0_0,jacobi-2d-imper,0.116
5_-Ofast_0_1_1_1,jacobi-2d-imper,0.126
50_-Ofast_0_1_1_0,jacobi-2d-imper,0.129
51_-Og_1_1_1_1,jacobi-2d-imper,0.07
52_-Ofast_1_1_0_0,jacobi-2d-imper,0.133
53_-Og_0_0_0_1,jacobi-2d-imper,0.063
54_-Og_0_1_1_0,jacobi-2d-imper,0.086
55_-O0_0_0_1_0,jacobi-2d-imper,0.056
56_-Og_0_0_1_1,jacobi-2d-imper,0.07
57_-O0_0_0_0_1,jacobi-2d-imper,0.058
58_-O1_0_1_1_1,jacobi-2d-imper,0.088
59_-O1_1_1_1_1,jacobi-2d-imper,0.068
6_-Ofast_1_0_0_0,jacobi-2d-imper,0.174
60_-Ofast_1_1_1_0,jacobi-2d-imper,0.13
61_-Og_1_0_0_0,jacobi-2d-imper,0.086
62_-Og_0_0_1_0,jacobi-2d-imper,0.067
63_-Ofast_0_0_1_0,jacobi-2d-imper,0.149
64_-Ofast_0_0_0_1,jacobi-2d-imper,0.193
65_-O1_1_1_0_0,jacobi-2d-imper,0.084
66_-Ofast_0_0_0_0,jacobi-2d-imper,0.19
67_-O0_1_0_1_1,jacobi-2d-imper,0.06
68_-O2_0_1_0_1,jacobi-2d-imper,0.1
69_-O1_1_1_0_1,jacobi-2d-imper,0.074
7_-O0_0_0_1_1,jacobi-2d-imper,0.061
70_-O0_0_1_1_1,jacobi-2d-imper,0.063
71_-O0_1_0_0_1,jacobi-2d-imper,0.054
72_-O2_0_0_1_0,jacobi-2d-imper,0.128
73_-O2_0_0_1_1,jacobi-2d-imper,0.127
74_-O1_0_1_0_1,jacobi-2d-imper,0.077
75_-O1_1_0_0_1,jacobi-2d-imper,0.121
76_-O2_1_0_1_1,jacobi-2d-imper,0.111
77_-Og_1_1_1_0,jacobi-2d-imper,0.079
78_-O1_0_0_0_0,jacobi-2d-imper,0.107
79_-O1_1_0_1_1,jacobi-2d-imper,0.107
8_-Ofast_1_0_0_1,jacobi-2d-imper,0.172
9_-Ofast_1_1_0_1,jacobi-2d-imper,0.135
0_-O2_1_1_0_0,reg_detect,0.117
1_-Og_1_1_0_1,reg_detect,0.089
10_-O1_0_1_1_0,reg_detect,0.119
11_-Ofast_1_1_1_1,reg_detect,0.188
12_-O2_1_0_0_1,reg_detect,0.139
13_-Ofast_1_0_1_0,reg_detect,0.167
14_-Ofast_1_0_1_1,reg_detect,0.159
15_-O1_0_0_1_0,reg_detect,0.097
16_-O2_0_0_0_1,reg_detect,0.125
17_-O2_0_1_1_1,reg_detect,0.11
18_-O0_1_1_0_0,reg_detect,0.065
19_-O0_1_1_1_1,reg_detect,0.068
2_-Og_0_1_0_0,reg_detect,0.07
20_-O0_1_1_0_1,reg_detect,0.059
21_-Og_0_0_0_0,reg_detect,0.075
22_-O2_1_1_1_0,reg_detect,0.118
23_-O1_0_1_0_0,reg_detect,0.106
24_-O1_0_0_0_1,reg_detect,0.105
25_-O0_0_1_0_0,reg_detect,0.059
26_-Og_0_1_1_1,reg_detect,0.077
27_-O0_1_0_0_0,reg_detect,0.063
28_-O1_0_0_1_1,reg_detect,0.102
29_-O0_1_1_1_0,reg_detect,0.063
3_-O0_1_0_1_0,reg_detect,0.072
30_-O1_1_0_0_0,reg_detect,0.089
31_-O2_0_1_1_0,reg_detect,0.099
32_-O0_0_1_0_1,reg_detect,0.069
33_-O2_1_1_1_1,reg_detect,0.112
34_-O0_0_0_0_0,reg_detect,0.07
35_-Ofast_0_1_0_1,reg_detect,0.158
36_-Og_1_0_1_1,reg_detect,0.08
37_-Og_1_1_0_0,reg_detect,0.084
38_-Og_1_0_0_1,reg_detect,0.093
39_-Ofast_0_0_1_1,reg_detect,0.175
4_-O2_0_0_0_0,reg_detect,0.124
40_-O2_1_0_0_0,reg_detect,0.129
41_-O2_1_1_0_1,reg_detect,0.114
42_-O1_1_1_1_0,reg_detect,0.098
43_-O0_0_1_1_0,reg_detect,0.057
44_-O2_0_1_0_0,reg_detect,0.105
45_-Og_0_1_0_1,reg_detect,0.095
46_-Og_1_0_1_0,reg_detect,0.082
47_-O2_1_0_1_0,reg_detect,0.109
48_-O1_1_0_1_0,reg_detect,0.101
49_-Ofast_0_1_0_0,reg_detect,0.159
5_-Ofast_0_1_1_1,reg_detect,0.151
50_-Ofast_0_1_1_0,reg_detect,0.163
51_-Og_1_1_1_1,reg_detect,0.081
52_-Ofast_1_1_0_0,reg_detect,0.169
53_-Og_0_0_0_1,reg_detect,0.077
54_-Og_0_1_1_0,reg_detect,0.079
55_-O0_0_0_1_0,reg_detect,0.067
56_-Og_0_0_1_1,reg_detect,0.086
57_-O0_0_0_0_1,reg_detect,0.073
58_-O1_0_1_1_1,reg_detect,0.092
59_-O1_1_1_1_1,reg_detect,0.099
6_-Ofast_1_0_0_0,reg_detect,0.176
60_-Ofast_1_1_1_0,reg_detect,0.162
61_-Og_1_0_0_0,reg_detect,0.081
62_-Og_0_0_1_0,reg_detect,0.089
63_-Ofast_0_0_1_0,reg_detect,0.165
64_-Ofast_0_0_0_1,reg_detect,0.182
65_-O1_1_1_0_0,reg_detect,0.108
66_-Ofast_0_0_0_0,reg_detect,0.178
67_-O0_1_0_1_1,reg_detect,0.067
68_-O2_0_1_0_1,reg_detect,0.121
69_-O1_1_1_0_1,reg_detect,0.099
7_-O0_0_0_1_1,reg_detect,0.062
70_-O0_0_1_1_1,reg_detect,0.064
71_-O0_1_0_0_1,reg_detect,0.056
72_-O2_0_0_1_0,reg_detect,0.106
73_-O2_0_0_1_1,reg_detect,0.115
74_-O1_0_1_0_1,reg_detect,0.104
75_-O1_1_0_0_1,reg_detect,0.107
76_-O2_1_0_1_1,reg_detect,0.102
77_-Og_1_1_1_0,reg_detect,0.085
78_-O1_0_0_0_0,reg_detect,0.102
79_-O1_1_0_1_1,reg_detect,0.099
8_-Ofast_1_0_0_1,reg_detect,0.162
9_-Ofast_1_1_0_1,reg_detect,0.174
0_-O2_1_1_0_0,covariance,0.097
1_-Og_1_1_0_1,covariance,0.076
10_-O1_0_1_1_0,covariance,0.102
11_-Ofast_1_1_1_1,covariance,0.122
12_-O2_1_0_0_1,covariance,0.13
13_-Ofast_1_0_1_0,covariance,0.145
14_-Ofast_1_0_1_1,covariance,0.131
15_-O1_0_0_1_0,covariance,0.098
16_-O2_0_0_0_1,covariance,0.121
17_-O2_0_1_1_1,covariance,0.106
18_-O0_1_1_0_0,covariance,0.061
19_-O0_1_1_1_1,covariance,0.054
2_-Og_0_1_0_0,covariance,0.062
20_-O0_1_1_0_1,covariance,0.062
21_-Og_0_0_0_0,covariance,0.07
22_-O2_1_1_1_0,covariance,0.108
23_-O1_0_1_0_0,covariance,0.088
24_-O1_0_0_0_1,covariance,0.1
25_-O0_0_1_0_0,covariance,0.064
26_-Og_0_1_1_1,covariance,0.083
27_-O0_1_0_0_0,covariance,0.071
28_-O1_0_0_1_1,covariance,0.108
29_-O0_1_1_1_0,covariance,0.071
3_-O0_1_0_1_0,covariance,0.057
30_-O1_1_0_0_0,covariance,0.101
31_-O2_0_1_1_0,covariance,0.108
32_-O0_0_1_0_1,covariance,0.067
33_-O2_1_1_1_1,covariance,0.094
34_-O0_0_0_0_0,covariance,0.066
35_-Ofast_0_1_0_1,covariance,0.129
36_-Og_1_0_1_1,covariance,0.062
37_-Og_1_1_0_0,covariance,0.075
38_-Og_1_0_0_1,covariance,0.069
39_-Ofast_0_0_1_1,covariance,0.123
4_-O2_0_0_0_0,covariance,0.13
40_-O2_1_0_0_0,covariance,0.126
41_-O2_1_1_0_1,covariance,0.102
42_-O1_1_1_1_0,covariance,0.095
43_-O0_0_1_1_0,covariance,0.07
44_-O2_0_1_0_0,covariance,0.091
45_-Og_0_1_0_1,covariance,0.075
46_-Og_1_0_1_0,covariance,0.065
47_-O2_1_0_1_0,covariance,0.117
48_-O1_1_0_1_0,covariance,0.101
49_-Ofast_0_1_0_0,covariance,0.122
5_-Ofast_0_1_1_1,covariance,0.131
50_-Ofast_0_1_1_0,covariance,0.113
51_-Og_1_1_1_1,covariance,0.076
52_-Ofast_1_1_0_0,covariance,0.126
53_-Og_0_0_0_1,covariance,0.079
54_-Og_0_1_1_0,covariance,0.077
55_-O0_0_0_1_0,covariance,0.066
56_-Og_0_0_1_1,covariance,0.065
57_-O0_0_0_0_1,covariance,0.057
58_-O1_0_1_1_1,covariance,0.08
59_-O1_1_1_1_1,covariance,0.092
6_-Ofast_1_0_0_0,covariance,0.151
60_-Ofast_1_1_1_0,covariance,0.119
61_-Og_1_0_0_0,covariance,0.076
62_-Og_0_0_1_0,covariance,0.075
63_-Ofast_0_0_1_0,covariance,0.122
64_-Ofast_0_0_0_1,covariance,0.141
65_-O1_1_1_0_0,covariance,0.087
66_-Ofast_0_0_0_0,covariance,0.13
67_-O0_1_0_1_1,covariance,0.071
68_-O2_0_1_0_1,covariance,0.106
69_-O1_1_1_0_1,covariance,0.095
7_-O0_0_0_1_1,covariance,0.068
70_-O0_0_1_1_1,covariance,0.067
71_-O0_1_0_0_1,covariance,0.055
72_-O2_0_0_1_0,covariance,0.115
73_-O2_0_0_1_1,covariance,0.118
74_-O1_0_1_0_1,covariance,0.086
75_-O1_1_0_0_1,covariance,0.1
76_-O2_1_0_1_1,covariance,0.109
77_-Og_1_1_1_0,covariance,0.084
78_-O1_0_0_0_0,covariance,0.114
79_-O1_1_0_1_1,covariance,0.091
8_-Ofast_1_0_0_1,covariance,0.134
9_-Ofast_1_1_0_1,covariance,0.127
0_-O2_1_1_0_0,mvt,0.106
1_-Og_1_1_0_1,mvt,0.082
10_-O1_0_1_1_0,mvt,0.095
11_-Ofast_1_1_1_1,mvt,0.109
12_-O2_1_0_0_1,mvt,0.13
13_-Ofast_1_0_1_0,mvt,0.133
14_-Ofast_1_0_1_1,mvt,0.124
15_-O1_0_0_1_0,mvt,0.101
16_-O2_0_0_0_1,mvt,0.125
17_-O2_0_1_1_1,mvt,0.087
18_-O0_1_1_0_0,mvt,0.069
19_-O0_1_1_1_1,mvt,0.051
2_-Og_0_1_0_0,mvt,0.084
20_-O0_1_1_0_1,mvt,0.062
21_-Og_0_0_0_0,mvt,0.078
22_-O2_1_1_1_0,mvt,0.097
23_-O1_0_1_0_0,mvt,0.086
24_-O1_0_0_0_1,mvt,0.104
25_-O0_0_1_0_0,mvt,0.07
26_-Og_0_1_1_1,mvt,0.068
27_-O0_1_0_0_0,mvt,0.067
28_-O1_0_0_1_1,mvt,0.101
29_-O0_1_1_1_0,mvt,0.058
3_-O0_1_0_1_0,mvt,0.056
30_-O1_1_0_0_0,mvt,0.105
31_-O2_0_1_1_0,mvt,0.092
32_-O0_0_1_0_1,mvt,0.067
33_-O2_1_1_1_1,mvt,0.098
34_-O0_0_0_0_0,mvt,0.076
35_-Ofast_0_1_0_1,mvt,0.105
36_-Og_1_0_1_1,mvt,0.07
37_-Og_1_1_0_0,mvt,0.071
38_-Og_1_0_0_1,mvt,0.077
39_-Ofast_0_0_1_1,mvt,0.122
4_-O2_0_0_0_0,mvt,0.136
40_-O2_1_0_0_0,mvt,0.135
41_-O2_1_1_0_1,mvt,0.107
42_-O1_1_1_1_0,mvt,0.086
43_-O0_0_1_1_0,mvt,0.068
44_-O2_0_1_0_0,mvt,0.101
45_-Og_0_1_0_1,mvt,0.07
46_-Og_1_0_1_0,mvt,0.07
47_-O2_1_0_1_0,mvt,0.117
48_-O1_1_0_1_0,mvt,0.107
49_-Ofast_0_1_0_0,mvt,0.105
5_-Ofast_0_1_1_1,mvt,0.109
50_-Ofast_0_1_1_0,mvt,0.109
51_-Og_1_1_1_1,mvt,0.075
52_-Ofast_1_1_0_0,mvt,0.114
53_-Og_0_0_0_1,mvt,0.077
54_-Og_0_1_1_0,mvt,0.068
55_-O0_0_0_1_0,mvt,0.052
56_-Og_0_0_1_1,mvt,0.07
57_-O0_0_0_0_1,mvt,0.069
58_-O1_0_1_1_1,mvt,0.08
59_-O1_1_1_1_1,mvt,0.084
6_-Ofast_1_0_0_0,mvt,0.154
60_-Ofast_1_1_1_0,mvt,0.11
61_-Og_1_0_0_0,mvt,0.088
62_-Og_0_0_1_0,mvt,0.076
63_-Ofast_0_0_1_0,mvt,0.143
64_-Ofast_0_0_0_1,mvt,0.15
65_-O1_1_1_0_0,mvt,0.094
66_-Ofast_0_0_0_0,mvt,0.143
67_-O0_1_0_1_1,mvt,0.064
68_-O2_0_1_0_1,mvt,0.115
69_-O1_1_1_0_1,mvt,0.083
7_-O0_0_0_1_1,mvt,0.067
70_-O0_0_1_1_1,mvt,0.059
71_-O0_1_0_0_1,mvt,0.074
72_-O2_0_0_1_0,mvt,0.116
73_-O2_0_0_1_1,mvt,0.112
74_-O1_0_1_0_1,mvt,0.089
75_-O1_1_0_0_1,mvt,0.112
76_-O2_1_0_1_1,mvt,0.119
77_-Og_1_1_1_0,mvt,0.075
78_-O1_0_0_0_0,mvt,0.113
79_-O1_1_0_1_1,mvt,0.097
8_-Ofast_1_0_0_1,mvt,0.132
9_-Ofast_1_1_0_1,mvt,0.11
0_-O2_1_1_0_0,syr2k,0.108
1_-Og_1_1_0_1,syr2k,0.074
10_-O1_0_1_1_0,syr2k,0.081
11_-Ofast_1_1_1_1,syr2k,0.11
12_-O2_1_0_0_1,syr2k,0.132
13_-Ofast_1_0_1_0,syr2k,0.128
14_-Ofast_1_0_1_1,syr2k,0.124
15_-O1_0_0_1_0,syr2k,0.107
16_-O2_0_0_0_1,syr2k,0.127
17_-O2_0_1_1_1,syr2k,0.107
18_-O0_1_1_0_0,syr2k,0.06
19_-O0_1_1_1_1,syr2k,0.066
2_-Og_0_1_0_0,syr2k,0.086
20_-O0_1_1_0_1,syr2k,0.052
21_-Og_0_0_0_0,syr2k,0.076
22_-O2_1_1_1_0,syr2k,0.099
23_-O1_0_1_0_0,syr2k,0.084
24_-O1_0_0_0_1,syr2k,0.114
25_-O0_0_1_0_0,syr2k,0.067
26_-Og_0_1_1_1,syr2k,0.075
27_-O0_1_0_0_0,syr2k,0.068
28_-O1_0_0_1_1,syr2k,0.108
29_-O0_1_1_1_0,syr2k,0.069
3_-O0_1_0_1_0,syr2k,0.066
30_-O1_1_0_0_0,syr2k,0.111
31_-O2_0_1_1_0,syr2k,0.108
32_-O0_0_1_0_1,syr2k,0.057
33_-O2_1_1_1_1,syr2k,0.082
34_-O0_0_0_0_0,syr2k,0.059
35_-Ofast_0_1_0_1,syr2k,0.139
36_-Og_1_0_1_1,syr2k,0.082
37_-Og_1_1_0_0,syr2k,0.082
38_-Og_1_0_0_1,syr2k,0.083
39_-Ofast_0_0_1_1,syr2k,0.141
4_-O2_0_0_0_0,syr2k,0.138
40_-O2_1_0_0_0,syr2k,0.143
41_-O2_1_1_0_1,syr2k,0.11
42_-O1_1_1_1_0,syr2k,0.114
43_-O0_0_1_1_0,syr2k,0.058
44_-O2_0_1_0_0,syr2k,0.114
45_-Og_0_1_0_1,syr2k,0.077
46_-Og_1_0_1_0,syr2k,0.077
47_-O2_1_0_1_0,syr2k,0.105
48_-O1_1_0_1_0,syr2k,0.088
49_-Ofast_0_1_0_0,syr2k,0.123
5_-Ofast_0_1_1_1,syr2k,0.116
50_-Ofast_0_1_1_0,syr2k,0.118
51_-Og_1_1_1_1,syr2k,0.072
52_-Ofast_1_1_0_0,syr2k,0.122
53_-Og_0_0_0_1,syr2k,0.074
54_-Og_0_1_1_0,syr2k,0.066
55_-O0_0_0_1_0,syr2k,0.057
56_-Og_0_0_1_1,syr2k,0.082
57_-O0_0_0_0_1,syr2k,0.072
58_-O1_0_1_1_1,syr2k,0.088
59_-O1_1_1_1_1,syr2k,0.095
6_-Ofast_1_0_0_0,syr2k,0.142
60_-Ofast_1_1_1_0,syr2k,0.134
61_-Og_1_0_0_0,syr2k,0.07
62_-Og_0_0_1_0,syr2k,0.088
63_-Ofast_0_0_1_0,syr2k,0.111
64_-Ofast_0_0_0_1,syr2k,0.133
65_-O1_1_1_0_0,syr2k,0.082
66_-Ofast_0_0_0_0,syr2k,0.142
67_-O0_1_0_1_1,syr2k,0.073
68_-O2_0_1_0_1,syr2k,0.108
69_-O1_1_1_0_1,syr2k,0.093
7_-O0_0_0_1_1,syr2k,0.068
70_-O0_0_1_1_1,syr2k,0.075
71_-O0_1_0_0_1,syr2k,0.069
72_-O2_0_0_1_0,syr2k,0.141
73_-O2_0_0_1_1,syr2k,0.127
74_-O1_0_1_0_1,syr2k,0.095
75_-O1_1_0_0_1,syr2k,0.119
76_-O2_1_0_1_1,syr2k,0.122
77_-Og_1_1_1_0,syr2k,0.065
78_-O1_0_0_0_0,syr2k,0.11
79_-O1_1_0_1_1,syr2k,0.105
8_-Ofast_1_0_0_1,syr2k,0.147
9_-Ofast_1_1_0_1,syr2k,0.116
0_-O2_1_1_0_0,ludcmp,0.119
1_-Og_1_1_0_1,ludcmp,0.083
10_-O1_0_1_1_0,ludcmp,0.099
11_-Ofast_1_1_1_1,ludcmp,0.155
12_-O2_1_0_0_1,ludcmp,0.165
13_-Ofast_1_0_1_0,ludcmp,0.156
14_-Ofast_1_0_1_1,ludcmp,0.16
15_-O1_0_0_1_0,ludcmp,0.126
16_-O2_0_0_0_1,ludcmp,0.159
17_-O2_0_1_1_1,ludcmp,0.122
18_-O0_1_1_0_0,ludcmp,0.061
19_-O0_1_1_1_1,ludcmp,0.064
2_-Og_0_1_0_0,ludcmp,0.076
20_-O0_1_1_0_1,ludcmp,0.062
21_-Og_0_0_0_0,ludcmp,0.087
22_-O2_1_1_1_0,ludcmp,0.124
23_-O1_0_1_0_0,ludcmp,0.097
24_-O1_0_0_0_1,ludcmp,0.138
25_-O0_0_1_0_0,ludcmp,0.074
26_-Og_0_1_1_1,ludcmp,0.083
27_-O0_1_0_0_0,ludcmp,0.075
28_-O1_0_0_1_1,ludcmp,0.131
29_-O0_1_1_1_0,ludcmp,0.073
3_-O0_1_0_1_0,ludcmp,0.065
30_-O1_1_0_0_0,ludcmp,0.137
31_-O2_0_1_1_0,ludcmp,0.126
32_-O0_0_1_0_1,ludcmp,0.073
33_-O2_1_1_1_1,ludcmp,0.147
34_-O0_0_0_0_0,ludcmp,0.084
35_-Ofast_0_1_0_1,ludcmp,0.179
36_-Og_1_0_1_1,ludcmp,0.081
37_-Og_1_1_0_0,ludcmp,0.087
38_-Og_1_0_0_1,ludcmp,0.085
39_-Ofast_0_0_1_1,ludcmp,0.17
4_-O2_0_0_0_0,ludcmp,0.158
40_-O2_1_0_0_0,ludcmp,0.157
41_-O2_1_1_0_1,ludcmp,0.119
42_-O1_1_1_1_0,ludcmp,0.105
43_-O0_0_1_1_0,ludcmp,0.065
44_-O2_0_1_0_0,ludcmp,0.125
45_-Og_0_1_0_1,ludcmp,0.084
46_-Og_1_0_1_0,ludcmp,0.082
47_-O2_1_0_1_0,ludcmp,0.15
48_-O1_1_0_1_0,ludcmp,0.129
49_-Ofast_0_1_0_0,ludcmp,0.168
5_-Ofast_0_1_1_1,ludcmp,0.15
50_-Ofast_0_1_1_0,ludcmp,0.145
51_-Og_1_1_1_1,ludcmp,0.076
52_-Ofast_1_1_0_0,ludcmp,0.154
53_-Og_0_0_0_1,ludcmp,0.093
54_-Og_0_1_1_0,ludcmp,0.071
55_-O0_0_0_1_0,ludcmp,0.071
56_-Og_0_0_1_1,ludcmp,0.078
57_-O0_0_0_0_1,ludcmp,0.065
58_-O1_0_1_1_1,ludcmp,0.102
59_-O1_1_1_1_1,ludcmp,0.107
6_-Ofast_1_0_0_0,ludcmp,0.207
60_-Ofast_1_1_1_0,ludcmp,0.171
61_-Og_1_0_0_0,ludcmp,0.098
62_-Og_0_0_1_0,ludcmp,0.074
63_-Ofast_0_0_1_0,ludcmp,0.194
64_-Ofast_0_0_0_1,ludcmp,0.2
65_-O1_1_1_0_0,ludcmp,0.107
66_-Ofast_0_0_0_0,ludcmp,0.197
67_-O0_1_0_1_1,ludcmp,0.075
68_-O2_0_1_0_1,ludcmp,0.119
69_-O1_1_1_0_1,ludcmp,0.111
7_-O0_0_0_1_1,ludcmp,0.064
70_-O0_0_1_1_1,ludcmp,0.058
71_-O0_1_0_0_1,ludcmp,0.073
72_-O2_0_0_1_0,ludcmp,0.135
73_-O2_0_0_1_1,ludcmp,0.137
74_-O1_0_1_0_1,ludcmp,0.111
75_-O1_1_0_0_1,ludcmp,0.122
76_-O2_1_0_1_1,ludcmp,0.142
77_-Og_1_1_1_0,ludcmp,0.078
78_-O1_0_0_0_0,ludcmp,0.123
79_-O1_1_0_1_1,ludcmp,0.12
8_-Ofast_1_0_0_1,ludcmp,0.194
9_-Ofast_1_1_0_1,ludcmp,0.178
0_-O2_1_1_0_0,symm,0.105
1_-Og_1_1_0_1,symm,0.078
10_-O1_0_1_1_0,symm,0.095
11_-Ofast_1_1_1_1,symm,0.118
12_-O2_1_0_0_1,symm,0.148
13_-Ofast_1_0_1_0,symm,0.14
14_-Ofast_1_0_1_1,symm,0.146
15_-O1_0_0_1_0,symm,0.119
16_-O2_0_0_0_1,symm,0.145
17_-O2_0_1_1_1,symm,0.097
18_-O0_1_1_0_0,symm,0.065
19_-O0_1_1_1_1,symm,0.063
2_-Og_0_1_0_0,symm,0.073
20_-O0_1_1_0_1,symm,0.077
21_-Og_0_0_0_0,symm,0.083
22_-O2_1_1_1_0,symm,0.11
23_-O1_0_1_0_0,symm,0.097
24_-O1_0_0_0_1,symm,0.121
25_-O0_0_1_0_0,symm,0.057
26_-Og_0_1_1_1,symm,0.075
27_-O0_1_0_0_0,symm,0.078
28_-O1_0_0_1_1,symm,0.109
29_-O0_1_1_1_0,symm,0.068
3_-O0_1_0_1_0,symm,0.083
30_-O1_1_0_0_0,symm,0.121
31_-O2_0_1_1_0,symm,0.122
32_-O0_0_1_0_1,symm,0.078
33_-O2_1_1_1_1,symm,0.106
34_-O0_0_0_0_0,symm,0.071
35_-Ofast_0_1_0_1,symm,0.138
36_-Og_1_0_1_1,symm,0.077
37_-Og_1_1_0_0,symm,0.087
38_-Og_1_0_0_1,symm,0.08
39_-Ofast_0_0_1_1,symm,0.125
4_-O2_0_0_0_0,symm,0.136
40_-O2_1_0_0_0,symm,0.119
41_-O2_1_1_0_1,symm,0.104
42_-O1_1_1_1_0,symm,0.098
43_-O0_0_1_1_0,symm,0.067
44_-O2_0_1_0_0,symm,0.121
45_-Og_0_1_0_1,symm,0.093
46_-Og_1_0_1_0,symm,0.081
47_-O2_1_0_1_0,symm,0.123
48_-O1_1_0_1_0,symm,0.098
49_-Ofast_0_1_0_0,symm,0.125
5_-Ofast_0_1_1_1,symm,0.117
50_-Ofast_0_1_1_0,symm,0.131
51_-Og_1_1_1_1,symm,0.082
52_-Ofast_1_1_0_0,symm,0.135
53_-Og_0_0_0_1,symm,0.082
54_-Og_0_1_1_0,symm,0.078
55_-O0_0_0_1_0,symm,0.078
56_-Og_0_0_1_1,symm,0.083
57_-O0_0_0_0_1,symm,0.075
58_-O1_0_1_1_1,symm,0.096
59_-O1_1_1_1_1,symm,0.095
6_-Ofast_1_0_0_0,symm,0.152
60_-Ofast_1_1_1_0,symm,0.128
61_-Og_1_0_0_0,symm,0.09
62_-Og_0_0_1_0,symm,0.088
63_-Ofast_0_0_1_0,symm,0.15
64_-Ofast_0_0_0_1,symm,0.138
65_-O1_1_1_0_0,symm,0.098
66_-Ofast_0_0_0_0,symm,0.147
67_-O0_1_0_1_1,symm,0.068
68_-O2_0_1_0_1,symm,0.108
69_-O1_1_1_0_1,symm,0.09
7_-O0_0_0_1_1,symm,0.059
70_-O0_0_1_1_1,symm,0.076
71_-O0_1_0_0_1,symm,0.074
72_-O2_0_0_1_0,symm,0.141
73_-O2_0_0_1_1,symm,0.127
74_-O1_0_1_0_1,symm,0.087
75_-O1_1_0_0_1,symm,0.109
76_-O2_1_0_1_1,symm,0.13
77_-Og_1_1_1_0,symm,0.077
78_-O1_0_0_0_0,symm,0.109
79_-O1_1_0_1_1,symm,0.109
8_-Ofast_1_0_0_1,symm,0.153
9_-Ofast_1_1_0_1,symm,0.127
0_-O2_1_1_0_0,atax,0.101
1_-Og_1_1_0_1,atax,0.075
10_-O1_0_1_1_0,atax,0.08
11_-Ofast_1_1_1_1,atax,0.11
12_-O2_1_0_0_1,atax,0.133
13_-Ofast_1_0_1_0,atax,0.131
14_-Ofast_1_0_1_1,atax,0.136
15_-O1_0_0_1_0,atax,0.103
16_-O2_0_0_0_1,atax,0.135
17_-O2_0_1_1_1,atax,0.086
18_-O0_1_1_0_0,atax,0.055
19_-O0_1_1_1_1,atax,0.055
2_-Og_0_1_0_0,atax,0.071
20_-O0_1_1_0_1,atax,0.065
21_-Og_0_0_0_0,atax,0.071
22_-O2_1_1_1_0,atax,0.095
23_-O1_0_1_0_0,atax,0.066
24_-O1_0_0_0_1,atax,0.119
25_-O0_0_1_0_0,atax,0.055
26_-Og_0_1_1_1,atax,0.06
27_-O0_1_0_0_0,atax,0.062
28_-O1_0_0_1_1,atax,0.109
29_-O0_1_1_1_0,atax,0.067
3_-O0_1_0_1_0,atax,0.062
30_-O1_1_0_0_0,atax,0.11
31_-O2_0_1_1_0,atax,0.104
32_-O0_0_1_0_1,atax,0.058
33_-O2_1_1_1_1,atax,0.098
34_-O0_0_0_0_0,atax,0.06
35_-Ofast_0_1_0_1,atax,0.112
36_-Og_1_0_1_1,atax,0.063
37_-Og_1_1_0_0,atax,0.076
38_-Og_1_0_0_1,atax,0.076
39_-Ofast_0_0_1_1,atax,0.146
4_-O2_0_0_0_0,atax,0.119
40_-O2_1_0_0_0,atax,0.131
41_-O2_1_1_0_1,atax,0.092
42_-O1_1_1_1_0,atax,0.095
43_-O0_0_1_1_0,atax,0.062
44_-O2_0_1_0_0,atax,0.087
45_-Og_0_1_0_1,atax,0.081
46_-Og_1_0_1_0,atax,0.065
47_-O2_1_0_1_0,atax,0.12
48_-O1_1_0_1_0,atax,0.11
49_-Ofast_0_1_0_0,atax,0.116
5_-Ofast_0_1_1_1,atax,0.109
50_-Ofast_0_1_1_0,atax,0.114
51_-Og_1_1_1_1,atax,0.058
52_-Ofast_1_1_0_0,atax,0.123
53_-Og_0_0_0_1,atax,0.087
54_-Og_0_1_1_0,atax,0.067
55_-O0_0_0_1_0,atax,0.056
56_-Og_0_0_1_1,atax,0.078
57_-O0_0_0_0_1,atax,0.07
58_-O1_0_1_1_1,atax,0.091
59_-O1_1_1_1_1,atax,0.072
6_-Ofast_1_0_0_0,atax,0.165
60_-Ofast_1_1_1_0,atax,0.104
61_-Og_1_0_0_0,atax,0.079
62_-Og_0_0_1_0,atax,0.078
63_-Ofast_0_0_1_0,atax,0.121
64_-Ofast_0_0_0_1,atax,0.141
65_-O1_1_1_0_0,atax,0.081
66_-Ofast_0_0_0_0,atax,0.161
67_-O0_1_0_1_1,atax,0.06
68_-O2_0_1_0_1,atax,0.102
69_-O1_1_1_0_1,atax,0.085
7_-O0_0_0_1_1,atax,0.068
70_-O0_0_1_1_1,atax,0.059
71_-O0_1_0_0_1,atax,0.071
72_-O2_0_0_1_0,atax,0.119
73_-O2_0_0_1_1,atax,0.113
74_-O1_0_1_0_1,atax,0.077
75_-O1_1_0_0_1,atax,0.112
76_-O2_1_0_1_1,atax,0.114
77_-Og_1_1_1_0,atax,0.085
78_-O1_0_0_0_0,atax,0.114
79_-O1_1_0_1_1,atax,0.101
8_-Ofast_1_0_0_1,atax,0.145
9_-Ofast_1_1_0_1,atax,0.114
0_-O2_1_1_0_0,gesummv,0.102
1_-Og_1_1_0_1,gesummv,0.085
10_-O1_0_1_1_0,gesummv,0.082
11_-Ofast_1_1_1_1,gesummv,0.118
12_-O2_1_0_0_1,gesummv,0.102
13_-Ofast_1_0_1_0,gesummv,0.108
14_-Ofast_1_0_1_1,gesummv,0.108
15_-O1_0_0_1_0,gesummv,0.086
16_-O2_0_0_0_1,gesummv,0.113
17_-O2_0_1_1_1,gesummv,0.095
18_-O0_1_1_0_0,gesummv,0.057
19_-O0_1_1_1_1,gesummv,0.062
2_-Og_0_1_0_0,gesummv,0.075
20_-O0_1_1_0_1,gesummv,0.062
21_-Og_0_0_0_0,gesummv,0.069
22_-O2_1_1_1_0,gesummv,0.092
23_-O1_0_1_0_0,gesummv,0.085
24_-O1_0_0_0_1,gesummv,0.095
25_-O0_0_1_0_0,gesummv,0.059
26_-Og_0_1_1_1,gesummv,0.068
27_-O0_1_0_0_0,gesummv,0.062
28_-O1_0_0_1_1,gesummv,0.097
29_-O0_1_1_1_0,gesummv,0.061
3_-O0_1_0_1_0,gesummv,0.059
30_-O1_1_0_0_0,gesummv,0.097
31_-O2_0_1_1_0,gesummv,0.099
32_-O0_0_1_0_1,gesummv,0.058
33_-O2_1_1_1_1,gesummv,0.101
34_-O0_0_0_0_0,gesummv,0.071
35_-Ofast_0_1_0_1,gesummv,0.123
36_-Og_1_0_1_1,gesummv,0.07
37_-Og_1_1_0_0,gesummv,0.068
38_-Og_1_0_0_1,gesummv,0.082
39_-Ofast_0_0_1_1,gesummv,0.125
4_-O2_0_0_0_0,gesummv,0.114
40_-O2_1_0_0_0,gesummv,0.115
41_-O2_1_1_0_1,gesummv,0.101
42_-O1_1_1_1_0,gesummv,0.078
43_-O0_0_1_1_0,gesummv,0.067
44_-O2_0_1_0_0,gesummv,0.098
45_-Og_0_1_0_1,gesummv,0.081
46_-Og_1_0_1_0,gesummv,0.068
47_-O2_1_0_1_0,gesummv,0.104
48_-O1_1_0_1_0,gesummv,0.063
49_-Ofast_0_1_0_0,gesummv,0.101
5_-Ofast_0_1_1_1,gesummv,0.114
50_-Ofast_0_1_1_0,gesummv,0.109
51_-Og_1_1_1_1,gesummv,0.068
52_-Ofast_1_1_0_0,gesummv,0.094
53_-Og_0_0_0_1,gesummv,0.078
54_-Og_0_1_1_0,gesummv,0.065
55_-O0_0_0_1_0,gesummv,0.052
56_-Og_0_0_1_1,gesummv,0.073
57_-O0_0_0_0_1,gesummv,0.052
58_-O1_0_1_1_1,gesummv,0.078
59_-O1_1_1_1_1,gesummv,0.085
6_-Ofast_1_0_0_0,gesummv,0.137
60_-Ofast_1_1_1_0,gesummv,0.109
61_-Og_1_0_0_0,gesummv,0.076
62_-Og_0_0_1_0,gesummv,0.07
63_-Ofast_0_0_1_0,gesummv,0.119
64_-Ofast_0_0_0_1,gesummv,0.134
65_-O1_1_1_0_0,gesummv,0.08
66_-Ofast_0_0_0_0,gesummv,0.126
67_-O0_1_0_1_1,gesummv,0.061
68_-O2_0_1_0_1,gesummv,0.104
69_-O1_1_1_0_1,gesummv,0.091
7_-O0_0_0_1_1,gesummv,0.063
70_-O0_0_1_1_1,gesummv,0.067
71_-O0_1_0_0_1,gesummv,0.07
72_-O2_0_0_1_0,gesummv,0.093
73_-O2_0_0_1_1,gesummv,0.105
74_-O1_0_1_0_1,gesummv,0.075
75_-O1_1_0_0_1,gesummv,0.086
76_-O2_1_0_1_1,gesummv,0.106
77_-Og_1_1_1_0,gesummv,0.076
78_-O1_0_0_0_0,gesummv,0.095
79_-O1_1_0_1_1,gesummv,0.085
8_-Ofast_1_0_0_1,gesummv,0.123
9_-Ofast_1_1_0_1,gesummv,0.114
0_-O2_1_1_0_0,jacobi-1d-imper,0.092
1_-Og_1_1_0_1,jacobi-1d-imper,0.057
10_-O1_0_1_1_0,jacobi-1d-imper,0.077
11_-Ofast_1_1_1_1,jacobi-1d-imper,0.107
12_-O2_1_0_0_1,jacobi-1d-imper,0.116
13_-Ofast_1_0_1_0,jacobi-1d-imper,0.146
14_-Ofast_1_0_1_1,jacobi-1d-imper,0.127
15_-O1_0_0_1_0,jacobi-1d-imper,0.087
16_-O2_0_0_0_1,jacobi-1d-imper,0.126
17_-O2_0_1_1_1,jacobi-1d-imper,0.094
18_-O0_1_1_0_0,jacobi-1d-imper,0.058
19_-O0_1_1_1_1,jacobi-1d-imper,0.065
2_-Og_0_1_0_0,jacobi-1d-imper,0.06
20_-O0_1_1_0_1,jacobi-1d-imper,0.062
21_-Og_0_0_0_0,jacobi-1d-imper,0.082
22_-O2_1_1_1_0,jacobi-1d-imper,0.094
23_-O1_0_1_0_0,jacobi-1d-imper,0.075
24_-O1_0_0_0_1,jacobi-1d-imper,0.113
25_-O0_0_1_0_0,jacobi-1d-imper,0.056
26_-Og_0_1_1_1,jacobi-1d-imper,0.061
27_-O0_1_0_0_0,jacobi-1d-imper,0.053
28_-O1_0_0_1_1,jacobi-1d-imper,0.104
29_-O0_1_1_1_0,jacobi-1d-imper,0.065
3_-O0_1_0_1_0,jacobi-1d-imper,0.066
30_-O1_1_0_0_0,jacobi-1d-imper,0.101
31_-O2_0_1_1_0,jacobi-1d-imper,0.089
32_-O0_0_1_0_1,jacobi-1d-imper,0.074
33_-O2_1_1_1_1,jacobi-1d-imper,0.095
34_-O0_0_0_0_0,jacobi-1d-imper,0.058
35_-Ofast_0_1_0_1,jacobi-1d-imper,0.109
36_-Og_1_0_1_1,jacobi-1d-imper,0.071
37_-Og_1_1_0_0,jacobi-1d-imper,0.077
38_-Og_1_0_0_1,jacobi-1d-imper,0.064
39_-Ofast_0_0_1_1,jacobi-1d-imper,0.144
4_-O2_0_0_0_0,jacobi-1d-imper,0.116
40_-O2_1_0_0_0,jacobi-1d-imper,0.117
41_-O2_1_1_0_1,jacobi-1d-imper,0.09
42_-O1_1_1_1_0,jacobi-1d-imper,0.071
43_-O0_0_1_1_0,jacobi-1d-imper,0.07
44_-O2_0_1_0_0,jacobi-1d-imper,0.085
45_-Og_0_1_0_1,jacobi-1d-imper,0.069
46_-Og_1_0_1_0,jacobi-1d-imper,0.067
47_-O2_1_0_1_0,jacobi-1d-imper,0.116
48_-O1_1_0_1_0,jacobi-1d-imper,0.086
49_-Ofast_0_1_0_0,jacobi-1d-imper,0.096
5_-Ofast_0_1_1_1,jacobi-1d-imper,0.104
50_-Ofast_0_1_1_0,jacobi-1d-imper,0.111
51_-Og_1_1_1_1,jacobi-1d-imper,0.068
52_-Ofast_1_1_0_0,jacobi-1d-imper,0.116
53_-Og_0_0_0_1,jacobi-1d-imper,0.07
54_-Og_0_1_1_0,jacobi-1d-imper,0.067
55_-O0_0_0_1_0,jacobi-1d-imper,0.056
56_-Og_0_0_1_1,jacobi-1d-imper,0.075
57_-O0_0_0_0_1,jacobi-1d-imper,0.066
58_-O1_0_1_1_1,jacobi-1d-imper,0.071
59_-O1_1_1_1_1,jacobi-1d-imper,0.076
6_-Ofast_1_0_0_0,jacobi-1d-imper,0.154
60_-Ofast_1_1_1_0,jacobi-1d-imper,0.104
61_-Og_1_0_0_0,jacobi-1d-imper,0.059
62_-Og_0_0_1_0,jacobi-1d-imper,0.071
63_-Ofast_0_0_1_0,jacobi-1d-imper,0.122
64_-Ofast_0_0_0_1,jacobi-1d-imper,0.146
65_-O1_1_1_0_0,jacobi-1d-imper,0.079
66_-Ofast_0_0_0_0,jacobi-1d-imper,0.168
67_-O0_1_0_1_1,jacobi-1d-imper,0.056
68_-O2_0_1_0_1,jacobi-1d-imper,0.087
69_-O1_1_1_0_1,jacobi-1d-imper,0.084
7_-O0_0_0_1_1,jacobi-1d-imper,0.063
70_-O0_0_1_1_1,jacobi-1d-imper,0.064
71_-O0_1_0_0_1,jacobi-1d-imper,0.056
72_-O2_0_0_1_0,jacobi-1d-imper,0.107
73_-O2_0_0_1_1,jacobi-1d-imper,0.097
74_-O1_0_1_0_1,jacobi-1d-imper,0.078
75_-O1_1_0_0_1,jacobi-1d-imper,0.1
76_-O2_1_0_1_1,jacobi-1d-imper,0.112
77_-Og_1_1_1_0,jacobi-1d-imper,0.074
78_-O1_0_0_0_0,jacobi-1d-imper,0.108
79_-O1_1_0_1_1,jacobi-1d-imper,0.08
8_-Ofast_1_0_0_1,jacobi-1d-imper,0.159
9_-Ofast_1_1_0_1,jacobi-1d-imper,0.113
0_-O2_1_1_0_0,cholesky,0.11
1_-Og_1_1_0_1,cholesky,0.066
10_-O1_0_1_1_0,cholesky,0.066
11_-Ofast_1_1_1_1,cholesky,0.113
12_-O2_1_0_0_1,cholesky,0.113
13_-Ofast_1_0_1_0,cholesky,0.125
14_-Ofast_1_0_1_1,cholesky,0.129
15_-O1_0_0_1_0,cholesky,0.092
16_-O2_0_0_0_1,cholesky,0.128
17_-O2_0_1_1_1,cholesky,0.101
18_-O0_1_1_0_0,cholesky,0.053
19_-O0_1_1_1_1,cholesky,0.054
2_-Og_0_1_0_0,cholesky,0.075
20_-O0_1_1_0_1,cholesky,0.065
21_-Og_0_0_0_0,cholesky,0.07
22_-O2_1_1_1_0,cholesky,0.094
23_-O1_0_1_0_0,cholesky,0.09
24_-O1_0_0_0_1,cholesky,0.109
25_-O0_0_1_0_0,cholesky,0.066
26_-Og_0_1_1_1,cholesky,0.067
27_-O0_1_0_0_0,cholesky,0.062
28_-O1_0_0_1_1,cholesky,0.101
29_-O0_1_1_1_0,cholesky,0.057
3_-O0_1_0_1_0,cholesky,0.059
30_-O1_1_0_0_0,cholesky,0.085
31_-O2_0_1_1_0,cholesky,0.093
32_-O0_0_1_0_1,cholesky,0.065
33_-O2_1_1_1_1,cholesky,0.105
34_-O0_0_0_0_0,cholesky,0.058
35_-Ofast_0_1_0_1,cholesky,0.122
36_-Og_1_0_1_1,cholesky,0.059
37_-Og_1_1_0_0,cholesky,0.068
38_-Og_1_0_0_1,cholesky,0.073
39_-Ofast_0_0_1_1,cholesky,0.122
4_-O2_0_0_0_0,cholesky,0.135
40_-O2_1_0_0_0,cholesky,0.137
41_-O2_1_1_0_1,cholesky,0.092
42_-O1_1_1_1_0,cholesky,0.08
43_-O0_0_1_1_0,cholesky,0.067
44_-O2_0_1_0_0,cholesky,0.096
45_-Og_0_1_0_1,cholesky,0.068
46_-Og_1_0_1_0,cholesky,0.071
47_-O2_1_0_1_0,cholesky,0.121
48_-O1_1_0_1_0,cholesky,0.11
49_-Ofast_0_1_0_0,cholesky,0.126
5_-Ofast_0_1_1_1,cholesky,0.106
50_-Ofast_0_1_1_0,cholesky,0.112
51_-Og_1_1_1_1,cholesky,0.065
52_-Ofast_1_1_0_0,cholesky,0.106
53_-Og_0_0_0_1,cholesky,0.06
54_-Og_0_1_1_0,cholesky,0.068
55_-O0_0_0_1_0,cholesky,0.067
56_-Og_0_0_1_1,cholesky,0.063
57_-O0_0_0_0_1,cholesky,0.055
58_-O1_0_1_1_1,cholesky,0.076
59_-O1_1_1_1_1,cholesky,0.084
6_-Ofast_1_0_0_0,cholesky,0.13
60_-Ofast_1_1_1_0,cholesky,0.101
61_-Og_1_0_0_0,cholesky,0.07
62_-Og_0_0_1_0,cholesky,0.067
63_-Ofast_0_0_1_0,cholesky,0.132
64_-Ofast_0_0_0_1,cholesky,0.135
65_-O1_1_1_0_0,cholesky,0.094
66_-Ofast_0_0_0_0,cholesky,0.131
67_-O0_1_0_1_1,cholesky,0.065
68_-O2_0_1_0_1,cholesky,0.093
69_-O1_1_1_0_1,cholesky,0.081
7_-O0_0_0_1_1,cholesky,0.058
70_-O0_0_1_1_1,cholesky,0.058
71_-O0_1_0_0_1,cholesky,0.063
72_-O2_0_0_1_0,cholesky,0.118
73_-O2_0_0_1_1,cholesky,0.114
74_-O1_0_1_0_1,cholesky,0.076
75_-O1_1_0_0_1,cholesky,0.113
76_-O2_1_0_1_1,cholesky,0.109
77_-Og_1_1_1_0,cholesky,0.065
78_-O1_0_0_0_0,cholesky,0.098
79_-O1_1_0_1_1,cholesky,0.109
8_-Ofast_1_0_0_1,cholesky,0.147
9_-Ofast_1_1_0_1,cholesky,0.117
0_-O2_1_1_0_0,lu,0.104
1_-Og_1_1_0_1,lu,0.065
10_-O1_0_1_1_0,lu,0.077
11_-Ofast_1_1_1_1,lu,0.136
12_-O2_1_0_0_1,lu,0.108
13_-Ofast_1_0_1_0,lu,0.143
14_-Ofast_1_0_1_1,lu,0.15
15_-O1_0_0_1_0,lu,0.108
16_-O2_0_0_0_1,lu,0.108
17_-O2_0_1_1_1,lu,0.094
18_-O0_1_1_0_0,lu,0.068
19_-O0_1_1_1_1,lu,0.065
2_-Og_0_1_0_0,lu,0.066
20_-O0_1_1_0_1,lu,0.054
21_-Og_0_0_0_0,lu,0.065
22_-O2_1_1_1_0,lu,0.11
23_-O1_0_1_0_0,lu,0.092
24_-O1_0_0_0_1,lu,0.102
25_-O0_0_1_0_0,lu,0.062
26_-Og_0_1_1_1,lu,0.062
27_-O0_1_0_0_0,lu,0.065
28_-O1_0_0_1_1,lu,0.098
29_-O0_1_1_1_0,lu,0.058
3_-O0_1_0_1_0,lu,0.045
30_-O1_1_0_0_0,lu,0.106
31_-O2_0_1_1_0,lu,0.089
32_-O0_0_1_0_1,lu,0.045
33_-O2_1_1_1_1,lu,0.097
34_-O0_0_0_0_0,lu,0.062
35_-Ofast_0_1_0_1,lu,0.133
36_-Og_1_0_1_1,lu,0.07
37_-Og_1_1_0_0,lu,0.075
38_-Og_1_0_0_1,lu,0.075
39_-Ofast_0_0_1_1,lu,0.128
4_-O2_0_0_0_0,lu,0.107
40_-O2_1_0_0_0,lu,0.116
41_-O2_1_1_0_1,lu,0.102
42_-O1_1_1_1_0,lu,0.082
43_-O0_0_1_1_0,lu,0.056
44_-O2_0_1_0_0,lu,0.1
45_-Og_0_1_0_1,lu,0.068
46_-Og_1_0_1_0,lu,0.074
47_-O2_1_0_1_0,lu,0.095
48_-O1_1_0_1_0,lu,0.093
49_-Ofast_0_1_0_0,lu,0.136
5_-Ofast_0_1_1_1,lu,0.12
50_-Ofast_0_1_1_0,lu,0.119
51_-Og_1_1_1_1,lu,0.081
52_-Ofast_1_1_0_0,lu,0.14
53_-Og_0_0_0_1,lu,0.079
54_-Og_0_1_1_0,lu,0.068
55_-O0_0_0_1_0,lu,0.053
56_-Og_0_0_1_1,lu,0.049
57_-O0_0_0_0_1,lu,0.063
58_-O1_0_1_1_1,lu,0.089
59_-O1_1_1_1_1,lu,0.087
6_-Ofast_1_0_0_0,lu,0.16
60_-Ofast_1_1_1_0,lu,0.131
61_-Og_1_0_0_0,lu,0.084
62_-Og_0_0_1_0,lu,0.065
63_-Ofast_0_0_1_0,lu,0.14
64_-Ofast_0_0_0_1,lu,0.164
65_-O1_1_1_0_0,lu,0.096
66_-Ofast_0_0_0_0,lu,0.158
67_-O0_1_0_1_1,lu,0.063
68_-O2_0_1_0_1,lu,0.096
69_-O1_1_1_0_1,lu,0.088
7_-O0_0_0_1_1,lu,0.051
70_-O0_0_1_1_1,lu,0.055
71_-O0_1_0_0_1,lu,0.063
72_-O2_0_0_1_0,lu,0.101
73_-O2_0_0_1_1,lu,0.105
74_-O1_0_1_0_1,lu,0.086
75_-O1_1_0_0_1,lu,0.106
76_-O2_1_0_1_1,lu,0.098
77_-Og_1_1_1_0,lu,0.075
78_-O1_0_0_0_0,lu,0.096
79_-O1_1_0_1_1,lu,0.101
8_-Ofast_1_0_0_1,lu,0.154
9_-Ofast_1_1_0_1,lu,0.131
0_-O2_1_1_0_0,floyd-warshall,0.087
1_-Og_1_1_0_1,floyd-warshall,0.057
10_-O1_0_1_1_0,floyd-warshall,0.087
11_-Ofast_1_1_1_1,floyd-warshall,0.102
12_-O2_1_0_0_1,floyd-warshall,0.096
13_-Ofast_1_0_1_0,floyd-warshall,0.12
14_-Ofast_1_0_1_1,floyd-warshall,0.122
15_-O1_0_0_1_0,floyd-warshall,0.088
16_-O2_0_0_0_1,floyd-warshall,0.103
17_-O2_0_1_1_1,floyd-warshall,0.085
18_-O0_1_1_0_0,floyd-warshall,0.065
19_-O0_1_1_1_1,floyd-warshall,0.065
2_-Og_0_1_0_0,floyd-warshall,0.078
20_-O0_1_1_0_1,floyd-warshall,0.069
21_-Og_0_0_0_0,floyd-warshall,0.08
22_-O2_1_1_1_0,floyd-warshall,0.098
23_-O1_0_1_0_0,floyd-warshall,0.085
24_-O1_0_0_0_1,floyd-warshall,0.094
25_-O0_0_1_0_0,floyd-warshall,0.063
26_-Og_0_1_1_1,floyd-warshall,0.07
27_-O0_1_0_0_0,floyd-warshall,0.063
28_-O1_0_0_1_1,floyd-warshall,0.095
29_-O0_1_1_1_0,floyd-warshall,0.059
3_-O0_1_0_1_0,floyd-warshall,0.064
30_-O1_1_0_0_0,floyd-warshall,0.089
31_-O2_0_1_1_0,floyd-warshall,0.097
32_-O0_0_1_0_1,floyd-warshall,0.055
33_-O2_1_1_1_1,floyd-warshall,0.082
34_-O0_0_0_0_0,floyd-warshall,0.057
35_-Ofast_0_1_0_1,floyd-warshall,0.112
36_-Og_1_0_1_1,floyd-warshall,0.071
37_-Og_1_1_0_0,floyd-warshall,0.079
38_-Og_1_0_0_1,floyd-warshall,0.075
39_-Ofast_0_0_1_1,floyd-warshall,0.139
4_-O2_0_0_0_0,floyd-warshall,0.115
40_-O2_1_0_0_0,floyd-warshall,0.125
41_-O2_1_1_0_1,floyd-warshall,0.088
42_-O1_1_1_1_0,floyd-warshall,0.066
43_-O0_0_1_1_0,floyd-warshall,0.068
44_-O2_0_1_0_0,floyd-warshall,0.092
45_-Og_0_1_0_1,floyd-warshall,0.065
46_-Og_1_0_1_0,floyd-warshall,0.082
47_-O2_1_0_1_0,floyd-warshall,0.103
48_-O1_1_0_1_0,floyd-warshall,0.091
49_-Ofast_0_1_0_0,floyd-warshall,0.132
5_-Ofast_0_1_1_1,floyd-warshall,0.116
50_-Ofast_0_1_1_0,floyd-warshall,0.12
51_-Og_1_1_1_1,floyd-warshall,0.086
52_-Ofast_1_1_0_0,floyd-warshall,0.094
53_-Og_0_0_0_1,floyd-warshall,0.07
54_-Og_0_1_1_0,floyd-warshall,0.063
55_-O0_0_0_1_0,floyd-warshall,0.062
56_-Og_0_0_1_1,floyd-warshall,0.066
57_-O0_0_0_0_1,floyd-warshall,0.061
58_-O1_0_1_1_1,floyd-warshall,0.089
59_-O1_1_1_1_1,floyd-warshall,0.103
6_-Ofast_1_0_0_0,floyd-warshall,0.126
60_-Ofast_1_1_1_0,floyd-warshall,0.117
61_-Og_1_0_0_0,floyd-warshall,0.063
62_-Og_0_0_1_0,floyd-warshall,0.066
63_-Ofast_0_0_1_0,floyd-warshall,0.124
64_-Ofast_0_0_0_1,floyd-warshall,0.115
65_-O1_1_1_0_0,floyd-warshall,0.07
66_-Ofast_0_0_0_0,floyd-warshall,0.125
67_-O0_1_0_1_1,floyd-warshall,0.05
68_-O2_0_1_0_1,floyd-warshall,0.099
69_-O1_1_1_0_1,floyd-warshall,0.076
7_-O0_0_0_1_1,floyd-warshall,0.066
70_-O0_0_1_1_1,floyd-warshall,0.06
71_-O0_1_0_0_1,floyd-warshall,0.066
72_-O2_0_0_1_0,floyd-warshall,0.107
73_-O2_0_0_1_1,floyd-warshall,0.091
74_-O1_0_1_0_1,floyd-warshall,0.086
75_-O1_1_0_0_1,floyd-warshall,0.085
76_-O2_1_0_1_1,floyd-warshall,0.09
77_-Og_1_1_1_0,floyd-warshall,0.069
78_-O1_0_0_0_0,floyd-warshall,0.077
79_-O1_1_0_1_1,floyd-warshall,0.088
8_-Ofast_1_0_0_1,floyd-warshall,0.126
9_-Ofast_1_1_0_1,floyd-warshall,0.127
0_-O2_1_1_0_0,dynprog,0.092
1_-Og_1_1_0_1,dynprog,0.083
10_-O1_0_1_1_0,dynprog,0.088
11_-Ofast_1_1_1_1,dynprog,0.14
12_-O2_1_0_0_1,dynprog,0.098
13_-Ofast_1_0_1_0,dynprog,0.13
14_-Ofast_1_0_1_1,dynprog,0.122
15_-O1_0_0_1_0,dynprog,0.088
16_-O2_0_0_0_1,dynprog,0.097
17_-O2_0_1_1_1,dynprog,0.105
18_-O0_1_1_0_0,dynprog,0.071
19_-O0_1_1_1_1,dynprog,0.055
2_-Og_0_1_0_0,dynprog,0.066
20_-O0_1_1_0_1,dynprog,0.058
21_-Og_0_0_0_0,dynprog,0.066
22_-O2_1_1_1_0,dynprog,0.109
23_-O1_0_1_0_0,dynprog,0.099
24_-O1_0_0_0_1,dynprog,0.091
25_-O0_0_1_0_0,dynprog,0.066
26_-Og_0_1_1_1,dynprog,0.066
27_-O0_1_0_0_0,dynprog,0.068
28_-O1_0_0_1_1,dynprog,0.096
29_-O0_1_1_1_0,dynprog,0.065
3_-O0_1_0_1_0,dynprog,0.068
30_-O1_1_0_0_0,dynprog,0.087
31_-O2_0_1_1_0,dynprog,0.097
32_-O0_0_1_0_1,dynprog,0.062
33_-O2_1_1_1_1,dynprog,0.104
34_-O0_0_0_0_0,dynprog,0.061
35_-Ofast_0_1_0_1,dynprog,0.137
36_-Og_1_0_1_1,dynprog,0.076
37_-Og_1_1_0_0,dynprog,0.082
38_-Og_1_0_0_1,dynprog,0.052
39_-Ofast_0_0_1_1,dynprog,0.136
4_-O2_0_0_0_0,dynprog,0.108
40_-O2_1_0_0_0,dynprog,0.101
41_-O2_1_1_0_1,dynprog,0.103
42_-O1_1_1_1_0,dynprog,0.1
43_-O0_0_1_1_0,dynprog,0.045
44_-O2_0_1_0_0,dynprog,0.097
45_-Og_0_1_0_1,dynprog,0.085
46_-Og_1_0_1_0,dynprog,0.072
47_-O2_1_0_1_0,dynprog,0.104
48_-O1_1_0_1_0,dynprog,0.102
49_-Ofast_0_1_0_0,dynprog,0.138
5_-Ofast_0_1_1_1,dynprog,0.134
50_-Ofast_0_1_1_0,dynprog,0.123
51_-Og_1_1_1_1,dynprog,0.056
52_-Ofast_1_1_0_0,dynprog,0.134
53_-Og_0_0_0_1,dynprog,0.075
54_-Og_0_1_1_0,dynprog,0.07
55_-O0_0_0_1_0,dynprog,0.072
56_-Og_0_0_1_1,dynprog,0.066
57_-O0_0_0_0_1,dynprog,0.064
58_-O1_0_1_1_1,dynprog,0.098
59_-O1_1_1_1_1,dynprog,0.085
6_-Ofast_1_0_0_0,dynprog,0.136
60_-Ofast_1_1_1_0,dynprog,0.13
61_-Og_1_0_0_0,dynprog,0.071
62_-Og_0_0_1_0,dynprog,0.066
63_-Ofast_0_0_1_0,dynprog,0.132
64_-Ofast_0_0_0_1,dynprog,0.137
65_-O1_1_1_0_0,dynprog,0.1
66_-Ofast_0_0_0_0,dynprog,0.131
67_-O0_1_0_1_1,dynprog,0.054
68_-O2_0_1_0_1,dynprog,0.084
69_-O1_1_1_0_1,dynprog,0.107
7_-O0_0_0_1_1,dynprog,0.068
70_-O0_0_1_1_1,dynprog,0.061
71_-O0_1_0_0_1,dynprog,0.058
72_-O2_0_0_1_0,dynprog,0.112
73_-O2_0_0_1_1,dynprog,0.111
74_-O1_0_1_0_1,dynprog,0.087
75_-O1_1_0_0_1,dynprog,0.102
76_-O2_1_0_1_1,dynprog,0.105
77_-Og_1_1_1_0,dynprog,0.061
78_-O1_0_0_0_0,dynprog,0.1
79_-O1_1_0_1_1,dynprog,0.091
8_-Ofast_1_0_0_1,dynprog,0.14
9_-Ofast_1_1_0_1,dynprog,0.147
0_-O2_1_1_0_0,doitgen,0.048
1_-Og_1_1_0_1,doitgen,0.026
10_-O1_0_1_1_0,doitgen,0.038
11_-Ofast_1_1_1_1,doitgen,0.05
12_-O2_1_0_0_1,doitgen,0.047
13_-Ofast_1_0_1_0,doitgen,0.06
14_-Ofast_1_0_1_1,doitgen,0.061
15_-O1_0_0_1_0,doitgen,0.046
16_-O2_0_0_0_1,doitgen,0.065
17_-O2_0_1_1_1,doitgen,0.054
18_-O0_1_1_0_0,doitgen,0.03
19_-O0_1_1_1_1,doitgen,0.039
2_-Og_0_1_0_0,doitgen,0.041
20_-O0_1_1_0_1,doitgen,0.04
21_-Og_0_0_0_0,doitgen,0.04
22_-O2_1_1_1_0,doitgen,0.053
23_-O1_0_1_0_0,doitgen,0.046
24_-O1_0_0_0_1,doitgen,0.046
25_-O0_0_1_0_0,doitgen,0.035
26_-Og_0_1_1_1,doitgen,0.04
27_-O0_1_0_0_0,doitgen,0.048
28_-O1_0_0_1_1,doitgen,0.04
29_-O0_1_1_1_0,doitgen,0.022
3_-O0_1_0_1_0,doitgen,0.028
30_-O1_1_0_0_0,doitgen,0.037
31_-O2_0_1_1_0,doitgen,0.036
32_-O0_0_1_0_1,doitgen,0.03
33_-O2_1_1_1_1,doitgen,0.041
34_-O0_0_0_0_0,doitgen,0.017
35_-Ofast_0_1_0_1,doitgen,0.059
36_-Og_1_0_1_1,doitgen,0.034
37_-Og_1_1_0_0,doitgen,0.036
38_-Og_1_0_0_1,doitgen,0.039
39_-Ofast_0_0_1_1,doitgen,0.056
4_-O2_0_0_0_0,doitgen,0.047
40_-O2_1_0_0_0,doitgen,0.046
41_-O2_1_1_0_1,doitgen,0.04
42_-O1_1_1_1_0,doitgen,0.036
43_-O0_0_1_1_0,doitgen,0.027
44_-O2_0_1_0_0,doitgen,0.039
45_-Og_0_1_0_1,doitgen,0.033
46_-Og_1_0_1_0,doitgen,0.033
47_-O2_1_0_1_0,doitgen,0.052
48_-O1_1_0_1_0,doitgen,0.044
49_-Ofast_0_1_0_0,doitgen,0.06
5_-Ofast_0_1_1_1,doitgen,0.054
50_-Ofast_0_1_1_0,doitgen,0.052
51_-Og_1_1_1_1,doitgen,0.033
52_-Ofast_1_1_0_0,doitgen,0.059
53_-Og_0_0_0_1,doitgen,0.022
54_-Og_0_1_1_0,doitgen,0.033
55_-O0_0_0_1_0,doitgen,0.028
56_-Og_0_0_1_1,doitgen,0.025
57_-O0_0_0_0_1,doitgen,0.023
58_-O1_0_1_1_1,doitgen,0.027
59_-O1_1_1_1_1,doitgen,0.036
6_-Ofast_1_0_0_0,doitgen,0.057
60_-Ofast_1_1_1_0,doitgen,0.046
61_-Og_1_0_0_0,doitgen,0.043
62_-Og_0_0_1_0,doitgen,0.035
63_-Ofast_0_0_1_0,doitgen,0.05
64_-Ofast_0_0_0_1,doitgen,0.062
65_-O1_1_1_0_0,doitgen,0.046
66_-Ofast_0_0_0_0,doitgen,0.055
67_-O0_1_0_1_1,doitgen,0.032
68_-O2_0_1_0_1,doitgen,0.038
69_-O1_1_1_0_1,doitgen,0.032
7_-O0_0_0_1_1,doitgen,0.028
70_-O0_0_1_1_1,doitgen,0.027
71_-O0_1_0_0_1,doitgen,0.028
72_-O2_0_0_1_0,doitgen,0.046
73_-O2_0_0_1_1,doitgen,0.038
74_-O1_0_1_0_1,doitgen,0.037
75_-O1_1_0_0_1,doitgen,0.039
76_-O2_1_0_1_1,doitgen,0.048
77_-Og_1_1_1_0,doitgen,0.039
78_-O1_0_0_0_0,doitgen,0.031
79_-O1_1_0_1_1,doitgen,0.042
8_-Ofast_1_0_0_1,doitgen,0.056
9_-Ofast_1_1_0_1,doitgen,0.053
0_-O2_1_1_0_0,durbin,0.106
1_-Og_1_1_0_1,durbin,0.08
10_-O1_0_1_1_0,durbin,0.1
11_-Ofast_1_1_1_1,durbin,0.129
12_-O2_1_0_0_1,durbin,0.129
13_-Ofast_1_0_1_0,durbin,0.133
14_-Ofast_1_0_1_1,durbin,0.128
15_-O1_0_0_1_0,durbin,0.101
16_-O2_0_0_0_1,durbin,0.126
17_-O2_0_1_1_1,durbin,0.112
18_-O0_1_1_0_0,durbin,0.058
19_-O0_1_1_1_1,durbin,0.072
2_-Og_0_1_0_0,durbin,0.066
20_-O0_1_1_0_1,durbin,0.054
21_-Og_0_0_0_0,durbin,0.071
22_-O2_1_1_1_0,durbin,0.101
23_-O1_0_1_0_0,durbin,0.085
24_-O1_0_0_0_1,durbin,0.115
25_-O0_0_1_0_0,durbin,0.066
26_-Og_0_1_1_1,durbin,0.074
27_-O0_1_0_0_0,durbin,0.06
28_-O1_0_0_1_1,durbin,0.093
29_-O0_1_1_1_0,durbin,0.061
3_-O0_1_0_1_0,durbin,0.072
30_-O1_1_0_0_0,durbin,0.108
31_-O2_0_1_1_0,durbin,0.121
32_-O0_0_1_0_1,durbin,0.06
33_-O2_1_1_1_1,durbin,0.116
34_-O0_0_0_0_0,durbin,0.065
35_-Ofast_0_1_0_1,durbin,0.14
36_-Og_1_0_1_1,durbin,0.075
37_-Og_1_1_0_0,durbin,0.077
38_-Og_1_0_0_1,durbin,0.081
39_-Ofast_0_0_1_1,durbin,0.136
4_-O2_0_0_0_0,durbin,0.14
40_-O2_1_0_0_0,durbin,0.13
41_-O2_1_1_0_1,durbin,0.111
42_-O1_1_1_1_0,durbin,0.091
43_-O0_0_1_1_0,durbin,0.067
44_-O2_0_1_0_0,durbin,0.119
45_-Og_0_1_0_1,durbin,0.087
46_-Og_1_0_1_0,durbin,0.076
47_-O2_1_0_1_0,durbin,0.124
48_-O1_1_0_1_0,durbin,0.1
49_-Ofast_0_1_0_0,durbin,0.128
5_-Ofast_0_1_1_1,durbin,0.134
50_-Ofast_0_1_1_0,durbin,0.119
51_-Og_1_1_1_1,durbin,0.083
52_-Ofast_1_1_0_0,durbin,0.142
53_-Og_0_0_0_1,durbin,0.072
54_-Og_0_1_1_0,durbin,0.073
55_-O0_0_0_1_0,durbin,0.057
56_-Og_0_0_1_1,durbin,0.091
57_-O0_0_0_0_1,durbin,0.068
58_-O1_0_1_1_1,durbin,0.094
59_-O1_1_1_1_1,durbin,0.093
6_-Ofast_1_0_0_0,durbin,0.15
60_-Ofast_1_1_1_0,durbin,0.132
61_-Og_1_0_0_0,durbin,0.077
62_-Og_0_0_1_0,durbin,0.071
63_-Ofast_0_0_1_0,durbin,0.138
64_-Ofast_0_0_0_1,durbin,0.158
65_-O1_1_1_0_0,durbin,0.093
66_-Ofast_0_0_0_0,durbin,0.145
67_-O0_1_0_1_1,durbin,0.06
68_-O2_0_1_0_1,durbin,0.119
69_-O1_1_1_0_1,durbin,0.096
7_-O0_0_0_1_1,durbin,0.07
70_-O0_0_1_1_1,durbin,0.063
71_-O0_1_0_0_1,durbin,0.069
72_-O2_0_0_1_0,durbin,0.133
73_-O2_0_0_1_1,durbin,0.115
74_-O1_0_1_0_1,durbin,0.098
75_-O1_1_0_0_1,durbin,0.102
76_-O2_1_0_1_1,durbin,0.136
77_-Og_1_1_1_0,durbin,0.07
78_-O1_0_0_0_0,durbin,0.102
79_-O1_1_0_1_1,durbin,0.106
8_-Ofast_1_0_0_1,durbin,0.164
9_-Ofast_1_1_0_1,durbin,0.138
0_-O2_1_1_0_0,trisolv,0.096
1_-Og_1_1_0_1,trisolv,0.077
10_-O1_0_1_1_0,trisolv,0.076
11_-Ofast_1_1_1_1,trisolv,0.106
12_-O2_1_0_0_1,trisolv,0.104
13_-Ofast_1_0_1_0,trisolv,0.112
14_-Ofast_1_0_1_1,trisolv,0.112
15_-O1_0_0_1_0,trisolv,0.076
16_-O2_0_0_0_1,trisolv,0.114
17_-O2_0_1_1_1,trisolv,0.085
18_-O0_1_1_0_0,trisolv,0.056
19_-O0_1_1_1_1,trisolv,0.055
2_-Og_0_1_0_0,trisolv,0.069
20_-O0_1_1_0_1,trisolv,0.054
21_-Og_0_0_0_0,trisolv,0.085
22_-O2_1_1_1_0,trisolv,0.09
23_-O1_0_1_0_0,trisolv,0.072
24_-O1_0_0_0_1,trisolv,0.09
25_-O0_0_1_0_0,trisolv,0.06
26_-Og_0_1_1_1,trisolv,0.07
27_-O0_1_0_0_0,trisolv,0.065
28_-O1_0_0_1_1,trisolv,0.077
29_-O0_1_1_1_0,trisolv,0.057
3_-O0_1_0_1_0,trisolv,0.064
30_-O1_1_0_0_0,trisolv,0.093
31_-O2_0_1_1_0,trisolv,0.09
32_-O0_0_1_0_1,trisolv,0.058
33_-O2_1_1_1_1,trisolv,0.085
34_-O0_0_0_0_0,trisolv,0.069
35_-Ofast_0_1_0_1,trisolv,0.107
36_-Og_1_0_1_1,trisolv,0.073
37_-Og_1_1_0_0,trisolv,0.056
38_-Og_1_0_0_1,trisolv,0.085
39_-Ofast_0_0_1_1,trisolv,0.111
4_-O2_0_0_0_0,trisolv,0.108
40_-O2_1_0_0_0,trisolv,0.113
41_-O2_1_1_0_1,trisolv,0.09
42_-O1_1_1_1_0,trisolv,0.073
43_-O0_0_1_1_0,trisolv,0.054
44_-O2_0_1_0_0,trisolv,0.087
45_-Og_0_1_0_1,trisolv,0.079
46_-Og_1_0_1_0,trisolv,0.068
47_-O2_1_0_1_0,trisolv,0.125
48_-O1_1_0_1_0,trisolv,0.095
49_-Ofast_0_1_0_0,trisolv,0.1
5_-Ofast_0_1_1_1,trisolv,0.103
50_-Ofast_0_1_1_0,trisolv,0.104
51_-Og_1_1_1_1,trisolv,0.067
52_-Ofast_1_1_0_0,trisolv,0.104
53_-Og_0_0_0_1,trisolv,0.072
54_-Og_0_1_1_0,trisolv,0.075
55_-O0_0_0_1_0,trisolv,0.07
56_-Og_0_0_1_1,trisolv,0.057
57_-O0_0_0_0_1,trisolv,0.056
58_-O1_0_1_1_1,trisolv,0.07
59_-O1_1_1_1_1,trisolv,0.081
6_-Ofast_1_0_0_0,trisolv,0.106
60_-Ofast_1_1_1_0,trisolv,0.104
61_-Og_1_0_0_0,trisolv,0.074
62_-Og_0_0_1_0,trisolv,0.06
63_-Ofast_0_0_1_0,trisolv,0.097
64_-Ofast_0_0_0_1,trisolv,0.122
65_-O1_1_1_0_0,trisolv,0.085
66_-Ofast_0_0_0_0,trisolv,0.127
67_-O0_1_0_1_1,trisolv,0.054
68_-O2_0_1_0_1,trisolv,0.094
69_-O1_1_1_0_1,trisolv,0.089
7_-O0_0_0_1_1,trisolv,0.05
70_-O0_0_1_1_1,trisolv,0.064
71_-O0_1_0_0_1,trisolv,0.058
72_-O2_0_0_1_0,trisolv,0.099
73_-O2_0_0_1_1,trisolv,0.096
74_-O1_0_1_0_1,trisolv,0.076
75_-O1_1_0_0_1,trisolv,0.099
76_-O2_1_0_1_1,trisolv,0.1
77_-Og_1_1_1_0,trisolv,0.071
78_-O1_0_0_0_0,trisolv,0.09
79_-O1_1_0_1_1,trisolv,0.08
8_-Ofast_1_0_0_1,trisolv,0.109
9_-Ofast_1_1_0_1,trisolv,0.103
